Date,Price,Open,High,Low,Change %
"Aug 13, 2021",102.918,102.600,103.019,102.422,0.32%
"Aug 12, 2021",102.585,103.028,103.137,102.510,-0.41%
"Aug 11, 2021",103.004,103.055,103.140,102.725,-0.03%
"Aug 10, 2021",103.033,103.136,103.311,102.906,-0.07%
"Aug 09, 2021",103.110,103.048,103.237,102.851,0.13%
"Aug 06, 2021",102.978,103.222,103.349,102.838,-0.22%
"Aug 05, 2021",103.204,103.022,103.411,102.947,0.21%
"Aug 04, 2021",102.986,103.328,103.507,102.993,-0.31%
"Aug 03, 2021",103.310,103.229,103.497,103.089,0.10%
"Aug 02, 2021",103.211,103.345,103.613,103.169,-0.12%
"Jul 30, 2021",103.336,103.661,104.081,103.244,-0.31%
"Jul 29, 2021",103.653,103.555,103.848,103.372,0.12%
"Jul 28, 2021",103.526,103.419,103.641,103.066,0.16%
"Jul 27, 2021",103.359,102.723,103.523,102.561,0.66%
"Jul 26, 2021",102.679,102.367,102.873,102.257,0.40%
"Jul 23, 2021",102.275,102.502,102.628,102.113,-0.19%
"Jul 22, 2021",102.466,102.161,102.611,101.928,0.34%
"Jul 21, 2021",102.120,101.584,102.236,101.363,0.56%
"Jul 20, 2021",101.555,102.390,102.592,101.380,-0.76%
"Jul 19, 2021",102.336,102.865,102.980,102.214,-0.36%
"Jul 16, 2021",102.703,103.103,103.375,102.660,-0.36%
"Jul 15, 2021",103.074,103.201,103.536,102.913,-0.11%
"Jul 14, 2021",103.187,103.052,103.548,102.980,0.16%
"Jul 13, 2021",103.024,103.506,103.624,102.934,-0.41%
"Jul 12, 2021",103.448,103.555,103.738,103.214,-0.08%
"Jul 09, 2021",103.527,103.055,103.647,102.686,0.50%
"Jul 08, 2021",103.015,103.231,103.280,102.804,-0.19%
"Jul 07, 2021",103.210,102.936,103.378,102.821,0.28%
"Jul 06, 2021",102.923,102.885,103.381,102.730,0.07%
"Jul 05, 2021",102.852,102.999,103.141,102.792,-0.13%
"Jul 02, 2021",102.983,102.669,103.174,102.529,0.34%
"Jul 01, 2021",102.639,102.840,102.982,102.545,-0.17%
"Jun 30, 2021",102.818,102.824,103.124,102.569,0.04%
"Jun 29, 2021",102.780,103.131,103.157,102.640,-0.32%
"Jun 28, 2021",103.109,103.047,103.460,102.965,0.12%
"Jun 25, 2021",102.981,103.295,103.375,102.853,-0.28%
"Jun 24, 2021",103.273,103.535,103.829,102.993,-0.21%
"Jun 23, 2021",103.492,103.689,103.831,103.410,-0.17%
"Jun 22, 2021",103.668,103.288,103.812,102.869,0.39%
"Jun 21, 2021",103.263,102.368,103.374,102.228,0.92%
"Jun 18, 2021",102.325,103.271,103.462,102.223,-0.87%
"Jun 17, 2021",103.226,102.497,103.583,102.369,0.72%
"Jun 16, 2021",102.483,103.324,103.616,102.449,-0.79%
"Jun 15, 2021",103.299,103.290,103.482,102.896,0.05%
"Jun 14, 2021",103.250,103.414,103.437,103.068,-0.06%
"Jun 11, 2021",103.312,103.605,103.624,103.231,-0.24%
"Jun 10, 2021",103.562,103.058,103.624,102.818,0.51%
"Jun 09, 2021",103.033,103.294,103.544,102.970,-0.22%
"Jun 08, 2021",103.261,103.269,103.344,102.905,0.06%
"Jun 07, 2021",103.196,103.264,103.330,102.747,0.07%
"Jun 04, 2021",103.126,103.034,103.540,102.789,0.11%
"Jun 03, 2021",103.016,103.392,103.676,102.851,-0.33%
"Jun 02, 2021",103.356,103.126,103.744,103.057,0.28%
"Jun 01, 2021",103.068,103.071,103.699,103.006,0.04%
"May 31, 2021",103.031,102.677,103.110,102.623,0.30%
"May 28, 2021",102.721,103.299,103.336,102.483,-0.52%
"May 27, 2021",103.263,102.699,103.313,102.373,0.58%
"May 26, 2021",102.666,103.026,103.104,102.626,-0.33%
"May 25, 2021",103.005,103.113,103.446,102.739,-0.08%
"May 24, 2021",103.091,103.233,103.294,102.888,0.07%
"May 21, 2021",103.014,103.612,103.705,102.975,-0.56%
"May 20, 2021",103.594,103.313,103.676,103.126,0.26%
"May 19, 2021",103.321,103.658,103.849,103.145,-0.30%
"May 18, 2021",103.629,103.630,103.975,103.486,-0.02%
"May 17, 2021",103.645,103.280,103.751,103.067,0.32%
"May 14, 2021",103.310,103.254,103.390,102.929,0.08%
"May 13, 2021",103.225,103.354,103.698,102.986,-0.10%
"May 12, 2021",103.324,103.759,103.935,103.318,-0.41%
"May 11, 2021",103.753,103.707,104.009,103.488,0.04%
"May 10, 2021",103.711,102.410,103.937,102.395,1.33%
"May 07, 2021",102.348,102.215,102.726,102.031,0.14%
"May 06, 2021",102.201,102.618,102.925,102.169,-0.39%
"May 05, 2021",102.604,102.445,102.917,102.423,0.18%
"May 04, 2021",102.416,102.691,102.737,102.193,-0.24%
"May 03, 2021",102.662,102.451,102.950,102.311,0.36%
"Apr 30, 2021",102.293,103.310,103.500,102.160,-0.96%
"Apr 29, 2021",103.281,103.832,104.122,103.148,-0.48%
"Apr 28, 2021",103.778,103.799,103.929,103.091,0.02%
"Apr 27, 2021",103.756,103.893,103.979,103.441,-0.10%
"Apr 26, 2021",103.860,103.951,104.213,103.717,-0.08%
"Apr 23, 2021",103.944,103.951,104.308,103.730,0.02%
"Apr 22, 2021",103.922,105.093,105.229,103.835,-1.06%
"Apr 21, 2021",105.039,105.082,105.372,104.825,-0.01%
"Apr 20, 2021",105.050,104.703,105.294,104.321,0.37%
"Apr 19, 2021",104.663,103.066,104.822,102.933,1.54%
"Apr 16, 2021",103.075,103.008,103.193,102.088,0.06%
"Apr 15, 2021",103.009,103.433,103.749,102.959,-0.40%
"Apr 14, 2021",103.419,103.496,103.789,103.279,-0.04%
"Apr 13, 2021",103.460,103.036,103.849,102.954,0.42%
"Apr 12, 2021",103.023,102.461,103.399,102.241,0.59%
"Apr 09, 2021",102.421,102.423,102.783,102.296,0.01%
"Apr 08, 2021",102.410,102.152,102.850,102.096,0.29%
"Apr 07, 2021",102.115,101.601,103.084,101.509,0.53%
"Apr 06, 2021",101.580,101.928,102.092,101.417,-0.27%
"Apr 05, 2021",101.857,101.469,102.020,101.357,0.37%
"Apr 02, 2021",101.478,101.439,101.576,101.328,0.07%
"Apr 01, 2021",101.406,100.810,101.473,100.747,0.63%
"Mar 31, 2021",100.775,100.913,101.113,100.593,-0.12%
"Mar 30, 2021",100.899,100.129,101.285,100.088,0.80%
"Mar 29, 2021",100.094,100.158,100.652,99.825,0.00%
"Mar 26, 2021",100.093,99.776,100.331,99.525,0.32%
"Mar 25, 2021",99.777,99.365,99.902,99.304,0.46%
"Mar 24, 2021",99.325,99.777,99.851,99.299,-0.43%
"Mar 23, 2021",99.756,100.340,100.380,99.665,-0.57%
"Mar 22, 2021",100.327,100.408,100.463,99.996,-0.09%
"Mar 19, 2021",100.420,101.228,101.318,100.268,-0.76%
"Mar 18, 2021",101.184,101.366,101.479,100.890,-0.13%
"Mar 17, 2021",101.311,100.727,101.391,100.513,0.59%
"Mar 16, 2021",100.716,100.816,100.878,100.215,-0.05%
"Mar 15, 2021",100.766,101.185,101.406,100.578,-0.41%
"Mar 12, 2021",101.185,101.704,101.820,100.795,-0.50%
"Mar 11, 2021",101.693,101.327,101.747,101.209,0.40%
"Mar 10, 2021",101.292,101.104,101.514,100.923,0.20%
"Mar 09, 2021",101.094,101.431,101.549,101.038,-0.30%
"Mar 08, 2021",101.399,101.273,101.618,100.857,0.11%
"Mar 05, 2021",101.288,101.078,101.682,100.717,0.23%
"Mar 04, 2021",101.055,101.785,101.962,100.958,-0.69%
"Mar 03, 2021",101.759,102.219,102.341,101.465,-0.44%
"Mar 02, 2021",102.206,102.209,102.450,101.706,0.05%
"Mar 01, 2021",102.160,103.061,103.512,102.059,-0.80%
"Feb 26, 2021",102.985,101.952,103.454,101.476,1.04%
"Feb 25, 2021",101.925,102.326,102.960,101.840,-0.40%
"Feb 24, 2021",102.338,102.131,103.050,101.925,0.21%
"Feb 23, 2021",102.128,101.894,102.269,101.720,0.26%
"Feb 22, 2021",101.865,101.706,102.099,101.243,0.19%
"Feb 19, 2021",101.672,101.441,101.794,101.242,0.27%
"Feb 18, 2021",101.402,100.913,101.582,100.669,0.56%
"Feb 17, 2021",100.841,101.333,101.377,100.726,-0.43%
"Feb 16, 2021",101.275,100.968,101.498,100.954,0.31%
"Feb 15, 2021",100.961,100.515,101.092,100.515,0.50%
"Feb 12, 2021",100.458,100.464,100.628,100.041,0.03%
"Feb 11, 2021",100.428,100.690,100.883,100.343,-0.22%
"Feb 10, 2021",100.654,100.658,100.976,100.547,0.01%
"Feb 09, 2021",100.641,100.216,100.714,100.180,0.45%
"Feb 08, 2021",100.191,99.967,100.242,99.803,0.20%
"Feb 05, 2021",99.990,99.748,100.141,99.657,0.27%
"Feb 04, 2021",99.723,99.367,99.861,98.934,0.38%
"Feb 03, 2021",99.342,99.634,99.862,99.258,-0.28%
"Feb 02, 2021",99.617,99.911,100.163,99.329,-0.26%
"Feb 01, 2021",99.876,99.977,100.529,99.831,0.04%
"Jan 29, 2021",99.834,100.083,100.213,99.595,-0.22%
"Jan 28, 2021",100.054,100.019,100.276,99.594,0.08%
"Jan 27, 2021",99.975,100.152,100.315,99.788,-0.18%
"Jan 26, 2021",100.156,99.779,100.212,99.495,0.39%
"Jan 25, 2021",99.766,99.843,100.118,99.609,-0.10%
"Jan 22, 2021",99.866,100.210,100.246,99.581,-0.32%
"Jan 21, 2021",100.189,99.562,100.321,99.533,0.65%
"Jan 20, 2021",99.544,99.757,100.165,99.350,-0.20%
"Jan 19, 2021",99.743,99.437,99.804,99.330,0.33%
"Jan 18, 2021",99.416,99.413,99.486,99.080,0.08%
"Jan 15, 2021",99.341,100.032,100.112,99.277,-0.67%
"Jan 14, 2021",100.011,99.804,100.201,99.567,0.24%
"Jan 13, 2021",99.768,100.062,100.285,99.475,-0.29%
"Jan 12, 2021",100.062,99.303,100.109,99.187,0.79%
"Jan 11, 2021",99.282,99.501,99.507,98.879,-0.18%
"Jan 08, 2021",99.457,99.612,99.894,99.293,-0.12%
"Jan 07, 2021",99.580,99.524,99.865,99.265,0.09%
"Jan 06, 2021",99.492,99.651,99.909,99.080,-0.11%
"Jan 05, 2021",99.604,99.184,99.813,99.107,0.46%
"Jan 04, 2021",99.149,99.925,100.137,98.978,-0.81%
"Jan 01, 2021",99.962,99.884,100.057,99.862,0.10%
"Dec 31, 2020",99.862,99.651,99.976,99.494,0.25%
"Dec 30, 2020",99.613,99.108,99.766,99.045,0.54%
"Dec 29, 2020",99.077,98.922,99.275,98.803,0.17%
"Dec 28, 2020",98.912,99.707,99.928,98.723,-0.74%
"Dec 25, 2020",99.654,99.678,99.973,99.664,0.02%
"Dec 24, 2020",99.639,99.570,100.156,99.463,0.11%
"Dec 23, 2020",99.530,98.687,100.117,98.610,0.88%
"Dec 22, 2020",98.665,99.678,99.719,98.276,-1.00%
"Dec 21, 2020",99.661,99.422,99.923,97.412,0.20%
"Dec 18, 2020",99.467,99.895,99.946,99.023,-0.39%
"Dec 17, 2020",99.855,99.480,100.229,99.369,0.40%
"Dec 16, 2020",99.459,99.006,99.826,98.744,0.45%
"Dec 15, 2020",99.014,98.111,99.087,97.815,0.94%
"Dec 14, 2020",98.090,97.932,98.896,97.880,0.60%
"Dec 11, 2020",97.501,98.048,98.179,96.900,-0.53%
"Dec 10, 2020",98.023,98.820,98.901,97.632,-0.74%
"Dec 09, 2020",98.755,98.460,99.311,98.308,0.32%
"Dec 08, 2020",98.438,98.793,98.797,97.833,-0.32%
"Dec 07, 2020",98.750,99.194,99.260,97.774,-0.36%
"Dec 04, 2020",99.108,99.322,99.854,98.909,-0.19%
"Dec 03, 2020",99.297,98.564,99.718,98.505,0.74%
"Dec 02, 2020",98.565,98.659,99.104,98.040,-0.01%
"Dec 01, 2020",98.576,98.601,98.886,98.069,0.01%
"Nov 30, 2020",98.562,98.423,99.071,98.382,0.13%
"Nov 27, 2020",98.434,98.619,98.970,98.252,-0.17%
"Nov 26, 2020",98.603,98.700,98.934,98.316,-0.12%
"Nov 25, 2020",98.717,98.985,99.034,98.312,-0.26%
"Nov 24, 2020",98.976,98.951,99.041,98.494,0.05%
"Nov 23, 2020",98.923,98.383,99.260,98.383,0.50%
"Nov 20, 2020",98.433,98.281,98.566,98.144,0.17%
"Nov 19, 2020",98.264,98.394,98.455,97.940,-0.07%
"Nov 18, 2020",98.337,98.641,98.839,98.316,-0.27%
"Nov 17, 2020",98.606,98.144,98.882,98.046,0.51%
"Nov 16, 2020",98.101,98.354,98.688,97.978,-0.22%
"Nov 13, 2020",98.317,97.971,98.470,97.849,0.39%
"Nov 12, 2020",97.935,98.453,98.576,97.835,-0.49%
"Nov 11, 2020",98.416,98.583,98.928,98.235,-0.14%
"Nov 10, 2020",98.555,97.456,98.700,97.397,1.15%
"Nov 09, 2020",97.438,97.375,97.723,97.048,0.12%
"Nov 06, 2020",97.320,97.174,97.600,96.927,0.18%
"Nov 05, 2020",97.147,96.601,97.252,96.147,0.60%
"Nov 04, 2020",96.563,97.461,98.061,96.425,-0.89%
"Nov 03, 2020",97.426,96.256,97.534,95.916,1.26%
"Nov 02, 2020",96.217,96.535,96.594,95.714,-0.27%
"Oct 30, 2020",96.480,96.166,96.879,95.894,0.36%
"Oct 29, 2020",96.131,96.317,96.893,95.851,-0.21%
"Oct 28, 2020",96.330,96.049,96.584,95.674,0.32%
"Oct 27, 2020",96.025,96.301,96.490,95.845,-0.30%
"Oct 26, 2020",96.318,96.245,96.742,95.911,0.05%
"Oct 23, 2020",96.273,96.386,96.663,95.979,-0.09%
"Oct 22, 2020",96.355,96.787,96.909,96.282,-0.41%
"Oct 21, 2020",96.756,95.132,97.063,95.022,1.79%
"Oct 20, 2020",95.053,95.016,95.371,94.752,0.09%
"Oct 19, 2020",94.966,94.912,95.519,94.662,0.15%
"Oct 16, 2020",94.820,94.845,95.062,94.315,0.01%
"Oct 15, 2020",94.815,95.305,95.510,94.669,-0.50%
"Oct 14, 2020",95.293,94.956,95.712,94.363,0.38%
"Oct 13, 2020",94.936,95.869,95.935,94.857,-0.93%
"Oct 12, 2020",95.827,95.273,95.990,95.062,0.61%
"Oct 09, 2020",95.249,94.813,95.299,94.431,0.49%
"Oct 08, 2020",94.786,94.742,95.022,94.393,0.06%
"Oct 07, 2020",94.728,94.584,94.909,94.113,0.18%
"Oct 06, 2020",94.561,94.892,95.589,94.489,-0.33%
"Oct 05, 2020",94.875,94.796,95.040,94.496,0.07%
"Oct 02, 2020",94.808,94.399,95.149,94.017,0.50%
"Oct 01, 2020",94.339,95.037,95.248,93.799,-0.72%
"Sep 30, 2020",95.025,94.881,95.186,94.402,0.18%
"Sep 29, 2020",94.850,94.645,95.164,94.600,0.22%
"Sep 28, 2020",94.643,93.930,95.230,93.867,0.80%
"Sep 25, 2020",93.892,94.265,94.339,93.481,-0.34%
"Sep 24, 2020",94.215,93.623,94.513,93.517,0.66%
"Sep 23, 2020",93.596,93.628,93.984,93.243,0.01%
"Sep 22, 2020",93.586,94.271,94.497,93.435,-0.73%
"Sep 21, 2020",94.273,95.033,95.327,93.995,-0.74%
"Sep 18, 2020",94.974,95.498,95.652,94.838,-0.52%
"Sep 17, 2020",95.467,95.358,95.670,94.718,0.14%
"Sep 16, 2020",95.332,94.876,95.662,94.708,0.52%
"Sep 15, 2020",94.841,94.274,95.142,94.035,0.63%
"Sep 14, 2020",94.244,94.021,94.818,93.874,0.32%
"Sep 11, 2020",93.939,94.004,94.621,93.820,-0.08%
"Sep 10, 2020",94.012,95.322,95.779,93.804,-1.34%
"Sep 09, 2020",95.290,95.746,95.838,94.803,-0.44%
"Sep 08, 2020",95.715,96.729,96.840,95.731,-1.01%
"Sep 07, 2020",96.696,97.330,97.367,96.511,-0.66%
"Sep 04, 2020",97.342,97.477,97.611,96.566,-0.12%
"Sep 03, 2020",97.461,97.840,97.873,97.184,-0.35%
"Sep 02, 2020",97.805,97.701,97.877,97.320,0.13%
"Sep 01, 2020",97.677,97.918,98.402,97.511,-0.26%
"Aug 31, 2020",97.933,97.619,98.261,97.480,0.34%
"Aug 28, 2020",97.600,97.561,97.882,97.120,0.07%
"Aug 27, 2020",97.533,98.025,98.269,97.247,-0.50%
"Aug 26, 2020",98.026,97.618,98.163,97.468,0.46%
"Aug 25, 2020",97.575,96.924,97.785,96.821,0.71%
"Aug 24, 2020",96.886,98.021,98.166,96.802,-1.19%
"Aug 21, 2020",98.048,99.138,99.307,97.840,-1.07%
"Aug 20, 2020",99.106,98.020,99.209,97.952,1.09%
"Aug 19, 2020",98.033,98.715,99.320,98.002,-0.68%
"Aug 18, 2020",98.708,97.908,98.870,97.874,0.80%
"Aug 17, 2020",97.928,98.021,98.254,97.785,-0.04%
"Aug 14, 2020",97.965,97.705,98.438,97.611,0.24%
"Aug 13, 2020",97.726,97.492,98.204,97.454,0.27%
"Aug 12, 2020",97.466,97.401,97.798,97.151,0.12%
"Aug 11, 2020",97.351,97.922,98.067,97.315,-0.52%
"Aug 10, 2020",97.855,97.837,98.131,97.553,-0.04%
"Aug 07, 2020",97.898,98.512,98.531,97.627,-0.56%
"Aug 06, 2020",98.450,98.090,98.846,98.067,0.38%
"Aug 05, 2020",98.073,98.113,98.497,97.813,-0.02%
"Aug 04, 2020",98.096,98.300,98.413,97.561,-0.18%
"Aug 03, 2020",98.275,98.098,98.371,97.809,0.27%
"Jul 31, 2020",98.013,98.073,98.673,97.913,-0.02%
"Jul 30, 2020",98.034,97.413,98.115,96.854,0.69%
"Jul 29, 2020",97.362,96.871,97.534,96.542,0.52%
"Jul 28, 2020",96.855,96.361,97.033,96.026,0.54%
"Jul 27, 2020",96.337,95.589,96.448,95.547,0.76%
"Jul 24, 2020",95.613,95.322,95.752,95.145,0.33%
"Jul 23, 2020",95.300,95.008,95.471,94.865,0.34%
"Jul 22, 2020",94.981,94.908,95.108,94.412,0.12%
"Jul 21, 2020",94.869,94.648,95.169,94.548,0.26%
"Jul 20, 2020",94.621,94.109,94.707,93.754,0.56%
"Jul 17, 2020",94.092,94.366,94.597,93.767,-0.25%
"Jul 16, 2020",94.331,94.537,94.866,94.209,-0.18%
"Jul 15, 2020",94.501,94.654,95.009,94.478,-0.09%
"Jul 14, 2020",94.584,94.422,94.759,94.184,0.21%
"Jul 13, 2020",94.382,94.836,95.207,94.354,-0.54%
"Jul 10, 2020",94.890,94.740,95.241,94.547,0.19%
"Jul 09, 2020",94.706,94.513,95.121,94.409,0.22%
"Jul 08, 2020",94.499,93.826,94.615,93.771,0.74%
"Jul 07, 2020",93.805,93.219,94.208,93.186,0.64%
"Jul 06, 2020",93.213,93.183,93.571,92.993,0.05%
"Jul 03, 2020",93.166,93.195,93.587,92.898,-0.01%
"Jul 02, 2020",93.171,94.177,94.426,93.113,-1.01%
"Jul 01, 2020",94.124,93.684,94.299,93.354,0.49%
"Jun 30, 2020",93.662,92.863,93.695,92.586,0.89%
"Jun 29, 2020",92.835,93.277,93.636,92.515,-0.45%
"Jun 26, 2020",93.250,93.886,93.951,93.139,-0.62%
"Jun 25, 2020",93.831,93.976,94.257,93.659,-0.11%
"Jun 24, 2020",93.935,94.522,94.890,93.930,-0.59%
"Jun 23, 2020",94.495,94.488,94.794,93.969,0.07%
"Jun 22, 2020",94.429,94.227,94.554,94.063,0.23%
"Jun 19, 2020",94.215,94.935,94.992,94.089,-0.72%
"Jun 18, 2020",94.899,95.790,95.881,94.689,-0.90%
"Jun 17, 2020",95.762,95.869,95.998,95.359,-0.11%
"Jun 16, 2020",95.864,95.775,96.449,95.680,0.15%
"Jun 15, 2020",95.725,95.298,95.790,94.771,0.40%
"Jun 12, 2020",95.340,95.728,95.959,94.861,-0.40%
"Jun 11, 2020",95.722,96.400,96.534,95.614,-0.67%
"Jun 10, 2020",96.366,96.126,96.968,95.933,0.31%
"Jun 09, 2020",96.069,95.931,96.402,95.391,0.18%
"Jun 08, 2020",95.898,95.802,96.192,95.355,0.23%
"Jun 05, 2020",95.679,95.131,96.322,94.818,0.71%
"Jun 04, 2020",95.008,94.717,95.329,94.251,0.34%
"Jun 03, 2020",94.687,94.251,95.117,94.210,0.48%
"Jun 02, 2020",94.230,94.388,94.891,93.999,-0.09%
"Jun 01, 2020",94.315,93.289,94.507,93.150,1.08%
"May 29, 2020",93.308,93.217,93.698,92.810,0.13%
"May 28, 2020",93.186,93.086,93.417,92.728,0.22%
"May 27, 2020",92.978,93.056,93.432,92.688,-0.04%
"May 26, 2020",93.015,92.506,93.338,92.385,0.62%
"May 25, 2020",92.442,92.480,92.665,92.363,0.02%
"May 22, 2020",92.427,92.450,92.795,92.271,0.02%
"May 21, 2020",92.411,92.479,92.618,92.091,-0.06%
"May 20, 2020",92.466,92.597,92.928,92.346,-0.22%
"May 19, 2020",92.667,92.324,93.017,92.131,0.42%
"May 18, 2020",92.281,91.663,92.625,91.564,0.56%
"May 15, 2020",91.769,92.270,92.599,91.729,-0.56%
"May 14, 2020",92.282,92.179,92.480,91.882,0.13%
"May 13, 2020",92.158,92.026,92.906,91.953,0.19%
"May 12, 2020",91.984,93.646,93.723,91.984,-1.68%
"May 11, 2020",93.551,93.739,94.136,93.160,-0.14%
"May 08, 2020",93.685,93.707,94.248,93.201,0.01%
"May 07, 2020",93.678,93.963,94.383,93.021,-0.23%
"May 06, 2020",93.890,94.153,94.381,93.622,-0.23%
"May 05, 2020",94.105,94.118,94.494,94.018,0.01%
"May 04, 2020",94.099,94.680,94.717,93.794,-0.64%
"May 01, 2020",94.705,94.593,95.261,94.394,0.18%
"Apr 30, 2020",94.537,94.085,94.882,93.438,0.55%
"Apr 29, 2020",94.021,94.510,94.867,93.719,-0.48%
"Apr 28, 2020",94.474,94.768,95.243,94.353,-0.28%
"Apr 27, 2020",94.735,94.338,94.933,94.262,0.45%
"Apr 24, 2020",94.311,93.688,94.460,93.655,0.61%
"Apr 23, 2020",93.739,94.241,94.364,93.533,-0.51%
"Apr 22, 2020",94.216,94.637,94.741,94.029,-0.43%
"Apr 21, 2020",94.619,95.237,95.572,94.235,-0.63%
"Apr 20, 2020",95.215,95.588,95.726,95.064,-0.47%
"Apr 17, 2020",95.667,95.676,96.168,94.819,0.03%
"Apr 16, 2020",95.642,95.808,96.213,95.230,-0.17%
"Apr 15, 2020",95.806,95.900,96.271,95.171,-0.15%
"Apr 14, 2020",95.947,95.418,96.159,95.338,0.62%
"Apr 13, 2020",95.360,94.576,95.715,94.474,0.94%
"Apr 10, 2020",94.472,95.054,95.238,94.480,-0.58%
"Apr 09, 2020",95.025,94.054,95.257,94.020,1.05%
"Apr 08, 2020",94.039,93.338,94.381,93.109,0.87%
"Apr 07, 2020",93.232,92.933,93.724,92.416,0.37%
"Apr 06, 2020",92.891,93.501,93.939,92.799,-0.61%
"Apr 03, 2020",93.465,94.705,94.827,93.059,-1.27%
"Apr 02, 2020",94.669,94.554,95.322,94.349,0.12%
"Apr 01, 2020",94.551,93.644,95.044,92.884,1.07%
"Mar 31, 2020",93.549,93.614,94.042,92.384,-0.06%
"Mar 30, 2020",93.604,93.850,94.155,92.839,-0.43%
"Mar 27, 2020",94.004,91.384,94.238,90.849,2.88%
"Mar 26, 2020",91.375,90.787,91.601,88.872,0.74%
"Mar 25, 2020",90.708,89.822,91.475,88.893,1.03%
"Mar 24, 2020",89.787,88.156,90.131,87.846,1.88%
"Mar 23, 2020",88.134,87.919,89.007,86.957,0.42%
"Mar 20, 2020",87.766,85.904,89.743,85.324,2.19%
"Mar 19, 2020",85.887,86.590,88.255,85.538,-0.78%
"Mar 18, 2020",86.563,89.260,89.899,85.441,-3.00%
"Mar 17, 2020",89.242,90.802,90.983,88.989,-1.68%
"Mar 16, 2020",90.765,90.716,91.964,90.291,0.12%
"Mar 13, 2020",90.652,93.772,93.969,90.584,-3.30%
"Mar 12, 2020",93.744,94.446,95.377,92.751,-0.76%
"Mar 11, 2020",94.458,95.683,95.771,94.342,-1.29%
"Mar 10, 2020",95.694,97.419,97.445,95.512,-1.77%
"Mar 09, 2020",97.420,96.553,97.818,96.435,0.90%
"Mar 06, 2020",96.549,95.220,96.634,95.140,1.32%
"Mar 05, 2020",95.288,94.660,95.334,94.071,0.69%
"Mar 04, 2020",94.633,93.591,94.672,93.402,1.16%
"Mar 03, 2020",93.551,92.939,94.076,92.545,0.67%
"Mar 02, 2020",92.927,92.850,93.475,92.032,-0.07%
"Feb 28, 2020",92.989,92.327,93.296,92.302,0.73%
"Feb 27, 2020",92.314,92.424,92.763,92.044,-0.05%
"Feb 26, 2020",92.356,93.406,93.493,92.306,-1.10%
"Feb 25, 2020",93.382,93.055,93.474,92.829,0.43%
"Feb 24, 2020",92.985,93.160,93.246,92.641,-0.24%
"Feb 21, 2020",93.208,92.353,93.340,92.302,0.98%
"Feb 20, 2020",92.304,92.521,92.694,92.011,-0.20%
"Feb 19, 2020",92.487,93.046,93.124,92.350,-0.58%
"Feb 18, 2020",93.027,92.792,93.419,92.678,0.29%
"Feb 17, 2020",92.759,93.241,93.381,92.720,-0.59%
"Feb 14, 2020",93.314,93.089,93.363,92.891,0.30%
"Feb 13, 2020",93.037,92.416,93.174,92.349,0.70%
"Feb 12, 2020",92.392,92.325,92.699,92.274,0.08%
"Feb 11, 2020",92.315,92.071,92.446,91.851,0.29%
"Feb 10, 2020",92.044,92.237,92.425,91.839,-0.14%
"Feb 07, 2020",92.171,92.093,92.651,92.054,0.10%
"Feb 06, 2020",92.077,92.540,92.651,91.982,-0.49%
"Feb 05, 2020",92.534,92.666,93.102,92.187,-0.12%
"Feb 04, 2020",92.649,92.689,92.951,92.047,-0.02%
"Feb 03, 2020",92.667,94.538,94.538,92.593,-1.86%
"Jan 31, 2020",94.426,93.727,94.524,93.466,0.80%
"Jan 30, 2020",93.674,92.845,93.924,92.778,0.91%
"Jan 29, 2020",92.833,92.759,92.944,92.584,0.10%
"Jan 28, 2020",92.739,93.299,93.360,92.430,-0.55%
"Jan 27, 2020",93.251,93.264,93.679,93.104,-0.01%
"Jan 24, 2020",93.258,93.691,93.965,93.124,-0.44%
"Jan 23, 2020",93.671,93.413,93.744,93.339,0.31%
"Jan 22, 2020",93.386,92.880,93.553,92.765,0.57%
"Jan 21, 2020",92.857,92.445,93.123,92.316,0.49%
"Jan 20, 2020",92.403,92.417,92.498,92.130,-0.06%
"Jan 17, 2020",92.456,92.839,93.206,92.441,-0.35%
"Jan 16, 2020",92.778,92.209,92.854,92.198,0.65%
"Jan 15, 2020",92.178,92.247,92.492,91.983,-0.03%
"Jan 14, 2020",92.205,91.852,92.350,91.764,0.43%
"Jan 13, 2020",91.811,92.638,92.702,91.738,-0.91%
"Jan 10, 2020",92.654,93.047,93.181,92.489,-0.40%
"Jan 09, 2020",93.023,93.671,93.789,92.674,-0.68%
"Jan 08, 2020",93.659,94.297,94.719,93.565,-0.65%
"Jan 07, 2020",94.276,94.638,94.866,94.126,-0.37%
"Jan 06, 2020",94.623,93.840,94.841,93.771,0.76%
"Jan 03, 2020",93.905,93.736,94.150,93.632,0.15%
"Jan 02, 2020",93.769,94.412,94.501,93.576,-0.67%
"Jan 01, 2020",94.398,94.624,94.677,94.284,-0.28%
"Dec 31, 2019",94.660,93.547,94.815,93.411,1.23%
"Dec 30, 2019",93.509,93.317,93.852,93.317,0.10%
"Dec 27, 2019",93.415,92.633,93.710,92.454,0.86%
"Dec 26, 2019",92.620,92.386,92.800,92.318,0.27%
"Dec 25, 2019",92.366,92.279,92.596,92.097,0.12%
"Dec 24, 2019",92.252,92.127,92.423,91.972,0.17%
"Dec 23, 2019",92.096,92.332,92.781,91.945,-0.31%
"Dec 20, 2019",92.379,92.602,93.025,92.221,-0.21%
"Dec 19, 2019",92.571,92.857,93.338,92.368,-0.28%
"Dec 18, 2019",92.827,93.262,93.324,92.674,-0.45%
"Dec 17, 2019",93.248,94.530,94.597,93.068,-1.34%
"Dec 16, 2019",94.516,94.416,95.254,94.392,0.19%
"Dec 13, 2019",94.334,92.923,95.424,92.870,1.58%
"Dec 12, 2019",92.871,93.355,93.547,92.114,-0.43%
"Dec 11, 2019",93.275,93.164,93.466,92.807,0.16%
"Dec 10, 2019",93.130,93.332,93.636,93.086,-0.14%
"Dec 09, 2019",93.263,93.656,93.797,93.244,-0.37%
"Dec 06, 2019",93.610,93.746,93.943,93.357,-0.09%
"Dec 05, 2019",93.699,93.663,94.081,93.457,0.05%
"Dec 04, 2019",93.648,93.212,93.823,93.118,0.49%
"Dec 03, 2019",93.192,92.677,93.371,92.563,0.59%
"Dec 02, 2019",92.647,92.682,92.800,92.347,-0.15%
"Nov 29, 2019",92.789,92.324,92.905,92.270,0.51%
"Nov 28, 2019",92.314,92.075,92.728,92.061,0.27%
"Nov 27, 2019",92.062,91.973,92.096,91.555,0.13%
"Nov 26, 2019",91.939,92.472,92.551,91.797,-0.56%
"Nov 25, 2019",92.459,92.241,92.651,92.011,0.39%
"Nov 22, 2019",92.101,92.665,92.906,91.989,-0.58%
"Nov 21, 2019",92.638,92.721,93.060,92.503,-0.07%
"Nov 20, 2019",92.706,92.833,92.901,92.493,-0.11%
"Nov 19, 2019",92.806,93.198,93.299,92.647,-0.40%
"Nov 18, 2019",93.177,92.468,93.309,92.428,0.83%
"Nov 15, 2019",92.408,92.702,92.746,92.326,-0.30%
"Nov 14, 2019",92.683,92.720,92.807,92.251,-0.01%
"Nov 13, 2019",92.693,92.236,92.756,92.010,0.54%
"Nov 12, 2019",92.194,92.000,92.386,91.742,0.23%
"Nov 11, 2019",91.983,91.177,92.277,91.177,0.95%
"Nov 08, 2019",91.114,91.029,91.453,91.001,0.09%
"Nov 07, 2019",91.029,91.262,91.368,90.729,-0.26%
"Nov 06, 2019",91.263,91.190,91.555,91.077,0.11%
"Nov 05, 2019",91.166,91.204,91.360,90.970,-0.02%
"Nov 04, 2019",91.188,91.591,91.620,91.145,-0.36%
"Nov 01, 2019",91.518,91.848,92.155,91.468,-0.36%
"Oct 31, 2019",91.846,91.557,92.056,91.417,0.34%
"Oct 30, 2019",91.534,91.228,91.589,91.125,0.38%
"Oct 29, 2019",91.187,91.010,91.458,90.727,0.22%
"Oct 28, 2019",90.986,90.827,91.066,90.696,0.22%
"Oct 25, 2019",90.786,91.201,91.315,90.689,-0.44%
"Oct 24, 2019",91.184,91.321,91.878,90.718,-0.17%
"Oct 23, 2019",91.342,91.146,91.437,90.923,0.22%
"Oct 22, 2019",91.144,91.911,92.162,91.072,-0.82%
"Oct 21, 2019",91.898,91.887,92.211,91.524,-0.33%
"Oct 18, 2019",92.198,91.687,92.321,91.338,0.59%
"Oct 17, 2019",91.659,91.574,92.436,90.800,0.13%
"Oct 16, 2019",91.543,91.427,91.929,90.537,0.15%
"Oct 15, 2019",91.407,89.823,91.517,89.772,1.80%
"Oct 14, 2019",89.787,89.545,90.054,89.082,0.11%
"Oct 11, 2019",89.684,88.318,90.189,88.064,1.57%
"Oct 10, 2019",88.299,86.810,88.524,86.721,1.75%
"Oct 09, 2019",86.783,87.020,87.414,86.617,-0.25%
"Oct 08, 2019",86.997,87.243,87.328,86.689,-0.25%
"Oct 07, 2019",87.218,87.299,87.654,87.026,-0.13%
"Oct 04, 2019",87.328,87.602,87.779,87.039,-0.26%
"Oct 03, 2019",87.553,87.554,88.205,87.066,0.06%
"Oct 02, 2019",87.502,87.487,87.740,86.935,0.01%
"Oct 01, 2019",87.496,86.819,87.777,86.734,0.78%
"Sep 30, 2019",86.817,86.648,87.357,86.453,0.23%
"Sep 27, 2019",86.621,87.442,87.561,86.574,-0.92%
"Sep 26, 2019",87.422,87.716,87.916,87.266,-0.25%
"Sep 25, 2019",87.643,88.643,88.716,87.649,-1.09%
"Sep 24, 2019",88.608,87.996,88.720,87.890,0.71%
"Sep 23, 2019",87.980,88.620,88.770,87.911,-0.77%
"Sep 20, 2019",88.662,89.433,89.601,88.439,-0.79%
"Sep 19, 2019",89.370,88.739,89.619,88.624,0.77%
"Sep 18, 2019",88.685,89.377,89.449,88.550,-0.73%
"Sep 17, 2019",89.334,89.024,89.563,88.835,0.45%
"Sep 16, 2019",88.935,88.799,89.412,88.585,0.25%
"Sep 13, 2019",88.713,87.537,88.785,87.427,1.41%
"Sep 12, 2019",87.482,88.218,88.326,87.392,-0.81%
"Sep 11, 2019",88.192,88.755,88.863,88.072,-0.61%
"Sep 10, 2019",88.731,88.624,89.076,88.289,0.17%
"Sep 09, 2019",88.576,88.148,88.813,87.529,0.69%
"Sep 06, 2019",87.969,88.695,88.793,87.965,-0.80%
"Sep 05, 2019",88.677,88.203,88.785,87.724,0.59%
"Sep 04, 2019",88.161,87.166,88.251,87.156,1.10%
"Sep 03, 2019",87.198,86.845,87.446,86.430,0.44%
"Sep 02, 2019",86.817,86.812,87.567,86.590,-0.04%
"Aug 30, 2019",86.856,87.318,87.521,86.733,-0.58%
"Aug 29, 2019",87.364,87.711,88.026,87.251,-0.33%
"Aug 28, 2019",87.655,87.926,88.144,87.315,-0.26%
"Aug 27, 2019",87.880,87.996,88.083,87.487,-0.11%
"Aug 26, 2019",87.980,87.646,88.773,87.632,0.24%
"Aug 23, 2019",87.771,88.122,88.237,87.336,-0.36%
"Aug 22, 2019",88.090,86.642,88.280,86.599,1.70%
"Aug 21, 2019",86.620,87.075,87.133,86.492,-0.49%
"Aug 20, 2019",87.045,86.649,87.293,86.475,0.49%
"Aug 19, 2019",86.619,86.439,86.888,86.335,0.21%
"Aug 16, 2019",86.440,86.789,86.851,86.159,-0.36%
"Aug 15, 2019",86.755,85.972,87.145,85.883,0.94%
"Aug 14, 2019",85.944,86.131,86.311,85.412,-0.18%
"Aug 13, 2019",86.101,86.077,86.490,85.676,0.07%
"Aug 12, 2019",86.039,85.595,86.348,85.357,0.87%
"Aug 09, 2019",85.293,85.392,85.774,85.276,-0.14%
"Aug 08, 2019",85.414,86.381,86.666,85.423,-1.09%
"Aug 07, 2019",86.352,86.455,86.623,85.909,-0.07%
"Aug 06, 2019",86.415,85.998,86.516,85.593,0.53%
"Aug 05, 2019",85.963,84.641,86.226,84.567,1.49%
"Aug 02, 2019",84.701,83.757,84.828,83.449,1.18%
"Aug 01, 2019",83.710,83.715,84.031,83.350,0.00%
"Jul 31, 2019",83.713,83.695,84.336,83.576,0.09%
"Jul 30, 2019",83.640,84.015,84.077,83.309,-0.42%
"Jul 29, 2019",83.992,85.318,85.336,83.958,-1.49%
"Jul 26, 2019",85.261,86.029,86.159,85.250,-0.89%
"Jul 25, 2019",86.024,86.111,86.354,85.860,-0.08%
"Jul 24, 2019",86.095,85.870,86.423,85.743,0.30%
"Jul 23, 2019",85.836,85.977,86.054,85.594,-0.16%
"Jul 22, 2019",85.971,86.133,86.376,85.845,-0.11%
"Jul 19, 2019",86.063,86.385,86.461,85.867,-0.38%
"Jul 18, 2019",86.393,85.592,86.479,85.473,0.97%
"Jul 17, 2019",85.562,85.174,85.765,85.088,0.50%
"Jul 16, 2019",85.134,85.798,85.885,85.112,-0.74%
"Jul 15, 2019",85.771,86.204,86.256,85.705,-0.48%
"Jul 12, 2019",86.188,85.635,86.263,85.629,0.65%
"Jul 11, 2019",85.630,85.517,86.055,85.474,0.16%
"Jul 10, 2019",85.492,85.487,85.839,85.261,0.05%
"Jul 09, 2019",85.448,85.801,86.138,85.267,-0.36%
"Jul 08, 2019",85.761,85.679,86.203,85.625,0.07%
"Jul 05, 2019",85.701,86.214,86.563,85.466,-0.52%
"Jul 04, 2019",86.149,86.503,86.714,86.107,-0.38%
"Jul 03, 2019",86.476,86.746,86.822,86.400,-0.29%
"Jul 02, 2019",86.727,87.077,87.305,86.723,-0.37%
"Jul 01, 2019",87.051,87.533,87.628,86.995,-0.52%
"Jun 28, 2019",87.506,87.586,87.807,87.249,-0.04%
"Jun 27, 2019",87.544,87.872,87.984,87.387,-0.35%
"Jun 26, 2019",87.852,88.047,88.215,87.575,-0.11%
"Jun 25, 2019",87.952,88.226,88.692,87.829,-0.32%
"Jun 24, 2019",88.235,88.564,88.812,88.184,-0.51%
"Jun 21, 2019",88.683,88.298,88.756,87.935,0.47%
"Jun 20, 2019",88.264,88.048,88.571,87.920,0.28%
"Jun 19, 2019",88.018,87.416,88.279,87.295,0.72%
"Jun 18, 2019",87.390,87.549,87.644,87.082,-0.16%
"Jun 17, 2019",87.530,87.987,88.150,87.533,-0.42%
"Jun 14, 2019",87.895,88.137,88.350,87.846,-0.21%
"Jun 13, 2019",88.084,88.026,88.392,87.912,0.10%
"Jun 12, 2019",87.996,88.285,88.495,87.951,-0.30%
"Jun 11, 2019",88.265,88.209,88.401,87.943,0.11%
"Jun 10, 2019",88.172,88.129,88.487,88.064,-0.14%
"Jun 07, 2019",88.298,87.843,88.712,87.713,0.56%
"Jun 06, 2019",87.807,88.008,88.209,87.718,-0.21%
"Jun 05, 2019",87.989,87.979,88.354,87.918,0.04%
"Jun 04, 2019",87.955,87.602,88.107,87.382,0.44%
"Jun 03, 2019",87.571,87.858,88.082,87.254,-0.36%
"May 31, 2019",87.888,88.039,88.240,87.508,-0.14%
"May 30, 2019",88.015,88.190,88.360,87.868,-0.18%
"May 29, 2019",88.173,88.085,88.571,88.040,0.15%
"May 28, 2019",88.045,88.121,88.445,88.033,-0.05%
"May 27, 2019",88.089,88.287,88.557,88.035,-0.11%
"May 24, 2019",88.183,88.172,88.536,87.882,0.04%
"May 23, 2019",88.148,88.194,88.599,87.729,-0.03%
"May 22, 2019",88.171,88.491,88.748,88.030,-0.33%
"May 21, 2019",88.465,88.609,89.243,88.406,-0.11%
"May 20, 2019",88.559,89.403,89.628,88.291,-0.93%
"May 17, 2019",89.393,89.745,89.948,89.347,-0.36%
"May 16, 2019",89.719,90.221,90.374,89.631,-0.57%
"May 15, 2019",90.230,90.784,90.950,90.137,-0.56%
"May 14, 2019",90.735,91.441,91.601,90.699,-0.74%
"May 13, 2019",91.410,91.009,92.017,90.950,0.47%
"May 10, 2019",90.985,91.309,91.499,90.675,-0.35%
"May 09, 2019",91.303,90.682,91.520,90.622,0.70%
"May 08, 2019",90.665,91.078,91.109,90.464,-0.41%
"May 07, 2019",91.034,90.867,91.114,90.580,0.21%
"May 06, 2019",90.840,90.612,91.172,90.546,-0.16%
"May 03, 2019",90.984,90.465,91.058,89.957,0.58%
"May 02, 2019",90.456,90.757,91.036,90.309,-0.29%
"May 01, 2019",90.721,90.771,91.125,90.583,-0.02%
"Apr 30, 2019",90.743,90.326,90.955,90.210,0.51%
"Apr 29, 2019",90.281,90.288,90.451,90.093,0.08%
"Apr 26, 2019",90.212,90.512,90.645,90.161,-0.30%
"Apr 25, 2019",90.485,90.259,90.754,90.199,0.28%
"Apr 24, 2019",90.236,90.261,90.719,90.164,-0.01%
"Apr 23, 2019",90.242,90.502,90.887,90.211,-0.25%
"Apr 22, 2019",90.472,90.195,90.835,90.091,0.31%
"Apr 19, 2019",90.188,90.203,90.324,90.086,0.01%
"Apr 18, 2019",90.179,90.552,90.698,90.064,-0.41%
"Apr 17, 2019",90.546,90.733,90.875,90.405,-0.18%
"Apr 16, 2019",90.710,90.922,91.229,90.668,-0.17%
"Apr 15, 2019",90.867,90.473,91.089,90.388,0.41%
"Apr 12, 2019",90.494,90.150,90.862,90.067,0.45%
"Apr 11, 2019",90.086,90.535,90.658,89.965,-0.45%
"Apr 10, 2019",90.497,90.431,90.736,90.198,0.03%
"Apr 09, 2019",90.467,90.873,91.274,90.285,-0.42%
"Apr 08, 2019",90.846,90.170,91.040,90.066,0.76%
"Apr 05, 2019",90.157,90.215,90.849,89.774,-0.04%
"Apr 04, 2019",90.192,90.084,91.127,90.005,0.15%
"Apr 03, 2019",90.060,90.509,90.706,89.787,-0.48%
"Apr 02, 2019",90.493,90.673,90.689,89.465,-0.15%
"Apr 01, 2019",90.632,90.200,90.998,89.999,0.54%
"Mar 29, 2019",90.148,90.252,90.960,89.769,-0.09%
"Mar 28, 2019",90.226,91.136,91.329,90.206,-0.98%
"Mar 27, 2019",91.116,91.130,91.700,90.717,0.01%
"Mar 26, 2019",91.108,90.893,91.370,90.590,0.19%
"Mar 25, 2019",90.935,91.353,91.540,90.670,-0.46%
"Mar 22, 2019",91.353,90.203,91.411,90.021,1.31%
"Mar 21, 2019",90.169,90.775,91.006,89.374,-0.65%
"Mar 20, 2019",90.761,91.576,91.707,90.414,-0.87%
"Mar 19, 2019",91.556,90.973,91.840,90.758,0.66%
"Mar 18, 2019",90.956,91.634,91.731,90.504,-0.77%
"Mar 15, 2019",91.662,91.854,92.034,91.243,-0.19%
"Mar 14, 2019",91.833,92.755,92.774,91.578,-0.94%
"Mar 13, 2019",92.701,91.035,93.061,90.924,1.87%
"Mar 12, 2019",90.999,91.859,92.764,90.659,-0.92%
"Mar 11, 2019",91.845,91.141,92.007,90.604,0.82%
"Mar 08, 2019",91.098,91.747,91.988,90.941,-0.67%
"Mar 07, 2019",91.711,92.296,92.475,91.626,-0.61%
"Mar 06, 2019",92.275,92.902,92.906,91.970,-0.64%
"Mar 05, 2019",92.865,93.438,93.580,92.428,-0.67%
"Mar 04, 2019",93.489,93.986,94.249,93.366,-0.25%
"Mar 01, 2019",93.721,93.948,94.183,93.399,-0.22%
"Feb 28, 2019",93.928,94.768,94.884,93.881,-0.86%
"Feb 27, 2019",94.740,94.108,95.063,93.923,0.71%
"Feb 26, 2019",94.075,92.715,94.402,92.715,1.44%
"Feb 25, 2019",92.736,92.871,93.067,92.439,0.04%
"Feb 22, 2019",92.695,92.835,92.961,92.253,-0.16%
"Feb 21, 2019",92.844,92.675,93.223,92.536,0.21%
"Feb 20, 2019",92.648,93.132,93.274,92.535,-0.51%
"Feb 19, 2019",93.119,92.249,93.221,91.996,0.98%
"Feb 18, 2019",92.217,91.955,92.376,91.955,0.33%
"Feb 15, 2019",91.917,90.916,92.021,90.853,1.06%
"Feb 14, 2019",90.957,91.046,91.392,90.805,-0.07%
"Feb 13, 2019",91.025,90.940,91.781,90.844,0.12%
"Feb 12, 2019",90.913,91.482,91.717,90.723,-0.53%
"Feb 11, 2019",91.395,92.164,92.221,91.376,-0.79%
"Feb 08, 2019",92.124,92.372,92.519,91.771,-0.23%
"Feb 07, 2019",92.335,92.539,92.828,91.894,-0.20%
"Feb 06, 2019",92.516,92.628,92.958,92.496,-0.05%
"Feb 05, 2019",92.561,93.481,93.680,92.486,-0.96%
"Feb 04, 2019",93.461,93.473,93.956,93.315,0.06%
"Feb 01, 2019",93.403,93.025,93.603,92.798,0.44%
"Jan 31, 2019",92.994,93.432,93.575,92.887,-0.45%
"Jan 30, 2019",93.412,93.352,93.649,93.005,0.16%
"Jan 29, 2019",93.265,93.557,94.079,93.211,-0.26%
"Jan 28, 2019",93.508,93.546,93.915,93.414,-0.05%
"Jan 25, 2019",93.554,92.761,93.715,92.690,0.88%
"Jan 24, 2019",92.741,93.031,93.244,92.437,-0.29%
"Jan 23, 2019",93.011,92.342,93.164,92.141,0.77%
"Jan 22, 2019",92.304,91.765,92.470,91.700,0.61%
"Jan 21, 2019",91.747,91.740,92.011,91.373,0.10%
"Jan 18, 2019",91.656,92.262,92.459,91.548,-0.64%
"Jan 17, 2019",92.246,91.462,92.398,91.353,0.91%
"Jan 16, 2019",91.416,91.442,91.822,91.115,0.01%
"Jan 15, 2019",91.408,91.016,91.712,90.084,0.44%
"Jan 14, 2019",91.006,90.448,91.467,90.377,0.64%
"Jan 11, 2019",90.427,89.839,90.589,89.608,0.75%
"Jan 10, 2019",89.752,90.246,90.335,89.595,-0.51%
"Jan 09, 2019",90.212,89.197,90.355,89.155,1.15%
"Jan 08, 2019",89.184,89.213,89.679,89.040,0.02%
"Jan 07, 2019",89.166,88.537,89.244,88.271,0.76%
"Jan 04, 2019",88.497,88.574,88.774,88.077,-0.04%
"Jan 03, 2019",88.536,88.235,88.706,87.070,0.35%
"Jan 02, 2019",88.224,88.496,89.278,88.087,-0.37%
"Jan 01, 2019",88.553,88.782,89.016,88.379,-0.21%
"Dec 31, 2018",88.738,88.691,89.424,88.476,-0.10%
"Dec 28, 2018",88.828,88.967,89.079,88.427,-0.11%
"Dec 27, 2018",88.929,88.516,89.178,88.492,0.48%
"Dec 26, 2018",88.500,88.785,89.068,88.502,-0.37%
"Dec 25, 2018",88.826,89.205,89.503,88.715,-0.40%
"Dec 24, 2018",89.181,88.773,89.338,88.520,0.69%
"Dec 21, 2018",88.574,88.584,89.204,88.227,0.04%
"Dec 20, 2018",88.538,88.624,89.333,88.287,-0.05%
"Dec 19, 2018",88.579,89.310,89.490,88.507,-0.77%
"Dec 18, 2018",89.265,90.400,90.482,89.122,-1.25%
"Dec 17, 2018",90.395,90.554,90.698,90.141,-0.09%
"Dec 14, 2018",90.477,90.528,90.697,90.164,-0.04%
"Dec 13, 2018",90.509,90.744,90.955,90.172,-0.21%
"Dec 12, 2018",90.700,90.262,91.043,89.873,0.51%
"Dec 11, 2018",90.241,91.092,91.204,90.133,-0.90%
"Dec 10, 2018",91.058,90.198,91.741,89.989,0.99%
"Dec 07, 2018",90.164,90.582,90.776,89.974,-0.42%
"Dec 06, 2018",90.548,89.844,90.780,89.734,0.81%
"Dec 05, 2018",89.817,89.743,90.207,89.364,0.14%
"Dec 04, 2018",89.687,89.632,90.621,89.284,0.10%
"Dec 03, 2018",89.601,88.933,90.103,88.678,0.87%
"Nov 30, 2018",88.826,89.262,89.438,88.658,-0.48%
"Nov 29, 2018",89.250,90.596,90.685,89.063,-1.46%
"Nov 28, 2018",90.576,90.223,90.761,89.979,0.39%
"Nov 27, 2018",90.223,90.894,91.021,90.095,-0.71%
"Nov 26, 2018",90.870,90.816,91.177,90.067,0.39%
"Nov 23, 2018",90.517,91.035,91.077,90.428,-0.55%
"Nov 22, 2018",91.014,91.103,91.702,90.473,-0.08%
"Nov 21, 2018",91.086,91.345,91.484,91.007,-0.25%
"Nov 20, 2018",91.318,92.033,92.201,91.291,-0.75%
"Nov 19, 2018",92.005,92.340,92.545,91.670,-0.42%
"Nov 16, 2018",92.394,91.854,92.674,91.708,0.58%
"Nov 15, 2018",91.858,93.938,94.064,91.511,-2.23%
"Nov 14, 2018",93.953,94.207,94.668,93.168,-0.21%
"Nov 13, 2018",94.153,93.618,94.748,93.371,0.60%
"Nov 12, 2018",93.590,93.934,94.317,93.550,-0.47%
"Nov 09, 2018",94.029,94.539,95.037,93.916,-0.52%
"Nov 08, 2018",94.522,95.109,95.243,94.416,-0.58%
"Nov 07, 2018",95.070,95.561,95.922,95.084,-0.50%
"Nov 06, 2018",95.543,95.311,95.633,95.102,0.28%
"Nov 05, 2018",95.275,94.371,95.421,94.060,1.41%
"Nov 02, 2018",93.948,95.568,95.631,93.810,-1.68%
"Nov 01, 2018",95.558,94.417,95.759,94.373,1.22%
"Oct 31, 2018",94.405,93.621,94.906,93.559,0.87%
"Oct 30, 2018",93.590,93.901,94.321,93.465,-0.32%
"Oct 29, 2018",93.887,94.230,94.481,93.886,-0.39%
"Oct 26, 2018",94.250,93.858,94.341,93.757,0.45%
"Oct 25, 2018",93.831,94.346,94.702,93.713,-0.50%
"Oct 24, 2018",94.307,95.490,95.575,94.170,-1.22%
"Oct 23, 2018",95.470,95.374,95.972,95.319,0.14%
"Oct 22, 2018",95.335,95.883,95.975,95.297,-0.58%
"Oct 19, 2018",95.895,95.721,96.158,95.420,0.18%
"Oct 18, 2018",95.722,96.511,96.579,95.700,-0.83%
"Oct 17, 2018",96.526,96.856,96.936,96.412,-0.36%
"Oct 16, 2018",96.875,97.019,97.436,96.764,-0.16%
"Oct 15, 2018",97.026,96.728,97.416,96.279,0.19%
"Oct 12, 2018",96.838,98.001,98.076,96.736,-1.19%
"Oct 11, 2018",98.001,97.977,98.555,97.617,0.02%
"Oct 10, 2018",97.977,97.709,98.153,97.487,0.27%
"Oct 09, 2018",97.713,96.966,97.772,96.731,0.79%
"Oct 08, 2018",96.951,96.697,97.010,96.450,0.14%
"Oct 05, 2018",96.812,95.864,96.827,95.537,0.98%
"Oct 04, 2018",95.874,94.922,96.028,94.775,1.02%
"Oct 03, 2018",94.909,94.650,95.525,94.591,0.27%
"Oct 02, 2018",94.649,95.123,95.218,94.365,-0.49%
"Oct 01, 2018",95.116,94.481,95.606,94.460,0.67%
"Sep 28, 2018",94.484,94.939,95.067,94.260,-0.46%
"Sep 27, 2018",94.925,95.611,95.741,94.882,-0.69%
"Sep 26, 2018",95.589,95.874,95.966,95.313,-0.24%
"Sep 25, 2018",95.820,95.337,95.900,95.191,0.49%
"Sep 24, 2018",95.354,94.407,95.741,94.313,0.93%
"Sep 21, 2018",94.472,95.552,95.844,94.267,-1.12%
"Sep 20, 2018",95.542,95.103,95.773,95.038,0.45%
"Sep 19, 2018",95.110,95.599,96.082,94.813,-0.52%
"Sep 18, 2018",95.603,95.452,96.147,95.143,0.16%
"Sep 17, 2018",95.451,93.936,95.510,93.936,1.63%
"Sep 14, 2018",93.922,94.420,94.535,93.850,-0.53%
"Sep 13, 2018",94.419,94.150,94.534,93.886,0.28%
"Sep 12, 2018",94.154,94.671,94.906,93.671,-0.57%
"Sep 11, 2018",94.690,94.390,94.848,94.243,0.33%
"Sep 10, 2018",94.383,92.858,94.572,92.707,1.74%
"Sep 07, 2018",92.771,93.049,93.420,92.677,-0.30%
"Sep 06, 2018",93.049,92.603,93.272,92.521,0.47%
"Sep 05, 2018",92.611,92.019,93.171,91.761,0.63%
"Sep 04, 2018",92.034,91.629,92.156,91.415,0.40%
"Sep 03, 2018",91.668,92.101,92.101,91.275,-0.41%
"Aug 31, 2018",92.047,92.043,92.447,91.927,-0.01%
"Aug 30, 2018",92.053,91.892,92.311,91.858,0.19%
"Aug 29, 2018",91.882,90.258,91.939,90.112,1.78%
"Aug 28, 2018",90.272,90.474,90.701,90.178,-0.21%
"Aug 27, 2018",90.463,89.835,90.534,89.633,0.59%
"Aug 24, 2018",89.933,89.859,90.141,89.734,0.08%
"Aug 23, 2018",89.857,90.213,90.529,89.760,-0.39%
"Aug 22, 2018",90.209,90.154,90.430,89.896,0.09%
"Aug 21, 2018",90.130,89.359,90.311,89.235,0.87%
"Aug 20, 2018",89.352,89.304,89.493,88.645,-0.05%
"Aug 17, 2018",89.395,89.130,89.444,89.016,0.27%
"Aug 16, 2018",89.151,88.780,89.555,88.710,0.41%
"Aug 15, 2018",88.784,89.031,89.136,88.532,-0.27%
"Aug 14, 2018",89.024,89.429,89.655,88.877,-0.42%
"Aug 13, 2018",89.401,87.960,89.576,87.779,1.63%
"Aug 10, 2018",87.966,88.171,88.401,87.650,-0.24%
"Aug 09, 2018",88.177,88.441,88.626,88.150,-0.30%
"Aug 08, 2018",88.444,88.797,88.991,88.214,-0.41%
"Aug 07, 2018",88.804,89.090,89.226,88.701,-0.32%
"Aug 06, 2018",89.090,89.194,89.319,88.945,-0.08%
"Aug 03, 2018",89.160,89.347,89.575,89.078,-0.20%
"Aug 02, 2018",89.340,89.706,90.136,89.305,-0.42%
"Aug 01, 2018",89.716,89.868,90.059,89.599,-0.16%
"Jul 31, 2018",89.864,90.122,90.354,89.722,-0.26%
"Jul 30, 2018",90.102,89.828,90.241,89.814,0.17%
"Jul 27, 2018",89.951,90.010,90.121,89.835,-0.06%
"Jul 26, 2018",90.007,90.662,90.826,89.980,-0.71%
"Jul 25, 2018",90.648,90.624,90.737,90.269,0.02%
"Jul 24, 2018",90.632,90.195,90.742,90.153,0.47%
"Jul 23, 2018",90.204,89.414,90.527,89.414,-0.09%
"Jul 20, 2018",90.283,89.823,90.344,89.524,0.51%
"Jul 19, 2018",89.823,89.692,90.070,89.499,0.13%
"Jul 18, 2018",89.707,89.733,89.829,89.224,-0.04%
"Jul 17, 2018",89.746,90.726,90.829,89.445,-1.08%
"Jul 16, 2018",90.730,90.623,91.233,90.575,0.08%
"Jul 13, 2018",90.656,90.498,90.704,89.799,0.19%
"Jul 12, 2018",90.487,90.758,90.814,90.362,-0.30%
"Jul 11, 2018",90.761,91.296,91.441,90.719,-0.57%
"Jul 10, 2018",91.279,91.037,91.537,90.954,0.27%
"Jul 09, 2018",91.036,91.545,91.770,90.576,-0.41%
"Jul 06, 2018",91.411,91.105,91.463,90.939,0.33%
"Jul 05, 2018",91.108,90.897,91.545,90.801,0.24%
"Jul 04, 2018",90.887,90.455,91.025,90.358,0.50%
"Jul 03, 2018",90.438,90.312,90.630,90.119,0.13%
"Jul 02, 2018",90.319,90.244,90.535,90.054,-0.12%
"Jun 29, 2018",90.425,90.025,90.499,89.624,0.44%
"Jun 28, 2018",90.029,90.015,90.618,89.849,0.03%
"Jun 27, 2018",90.004,90.443,90.715,89.963,-0.47%
"Jun 26, 2018",90.430,90.487,90.681,90.028,-0.01%
"Jun 25, 2018",90.436,90.098,90.532,89.908,0.42%
"Jun 22, 2018",90.061,90.044,90.299,89.865,0.02%
"Jun 21, 2018",90.041,89.669,90.170,89.213,0.43%
"Jun 20, 2018",89.656,89.998,90.094,89.511,-0.42%
"Jun 19, 2018",90.032,90.106,90.374,89.862,-0.09%
"Jun 18, 2018",90.112,90.268,90.476,89.944,-0.34%
"Jun 15, 2018",90.421,89.768,90.517,89.659,0.72%
"Jun 14, 2018",89.773,90.478,90.959,89.734,-0.78%
"Jun 13, 2018",90.482,90.241,90.549,90.042,0.27%
"Jun 12, 2018",90.234,90.288,90.598,90.035,-0.01%
"Jun 11, 2018",90.241,90.510,90.659,89.972,-0.36%
"Jun 08, 2018",90.567,90.487,90.944,90.150,0.08%
"Jun 07, 2018",90.495,89.656,90.623,89.629,0.94%
"Jun 06, 2018",89.653,89.894,90.148,89.620,-0.26%
"Jun 05, 2018",89.891,89.294,90.025,89.228,0.68%
"Jun 04, 2018",89.287,89.361,89.903,89.146,-0.15%
"Jun 01, 2018",89.425,89.668,89.688,89.042,-0.29%
"May 31, 2018",89.685,89.624,90.142,89.510,0.05%
"May 30, 2018",89.638,89.891,90.000,89.405,-0.30%
"May 29, 2018",89.912,89.726,90.327,89.632,0.20%
"May 28, 2018",89.733,90.138,90.266,89.618,-0.45%
"May 25, 2018",90.142,91.439,91.528,90.040,-1.43%
"May 24, 2018",91.446,91.260,91.749,91.173,0.22%
"May 23, 2018",91.247,91.392,91.590,91.046,-0.15%
"May 22, 2018",91.388,91.489,91.806,91.154,-0.10%
"May 21, 2018",91.482,91.600,91.688,91.140,-0.14%
"May 18, 2018",91.606,91.602,91.947,91.513,0.02%
"May 17, 2018",91.591,91.421,91.977,91.256,0.19%
"May 16, 2018",91.415,91.942,92.010,91.228,-0.59%
"May 15, 2018",91.953,91.594,92.201,91.409,0.40%
"May 14, 2018",91.588,91.365,91.953,91.195,0.39%
"May 11, 2018",91.229,90.906,91.566,90.784,0.35%
"May 10, 2018",90.915,91.225,91.608,90.505,-0.35%
"May 09, 2018",91.236,90.938,91.537,90.877,0.32%
"May 08, 2018",90.941,91.022,91.184,90.515,-0.09%
"May 07, 2018",91.022,90.448,91.156,90.374,0.66%
"May 04, 2018",90.424,90.514,90.839,90.157,-0.10%
"May 03, 2018",90.511,90.552,90.783,90.285,-0.06%
"May 02, 2018",90.569,90.945,91.156,90.409,-0.41%
"May 01, 2018",90.942,91.463,91.555,90.394,-0.64%
"Apr 30, 2018",91.525,91.853,91.900,91.023,-0.30%
"Apr 27, 2018",91.802,92.986,93.119,91.651,-1.29%
"Apr 26, 2018",93.002,93.236,93.468,92.847,-0.24%
"Apr 25, 2018",93.227,92.835,93.438,92.788,0.44%
"Apr 24, 2018",92.822,92.743,92.909,92.427,0.08%
"Apr 23, 2018",92.749,92.826,93.013,92.555,0.03%
"Apr 20, 2018",92.724,92.788,93.052,92.639,-0.10%
"Apr 19, 2018",92.821,93.332,93.742,92.669,-0.56%
"Apr 18, 2018",93.342,93.843,94.092,93.067,-0.53%
"Apr 17, 2018",93.844,93.858,94.368,93.779,-0.03%
"Apr 16, 2018",93.871,93.022,93.930,92.846,1.01%
"Apr 13, 2018",92.930,92.874,93.285,92.746,0.04%
"Apr 12, 2018",92.891,92.522,93.028,92.454,0.41%
"Apr 11, 2018",92.516,92.063,92.803,92.017,0.49%
"Apr 10, 2018",92.067,91.802,92.234,91.671,0.30%
"Apr 09, 2018",91.788,91.531,92.015,91.406,0.31%
"Apr 06, 2018",91.502,90.868,91.617,90.844,0.70%
"Apr 05, 2018",90.868,91.581,91.718,90.686,-0.79%
"Apr 04, 2018",91.593,91.373,91.736,91.263,0.23%
"Apr 03, 2018",91.380,91.478,91.608,91.186,-0.11%
"Apr 02, 2018",91.478,91.379,91.686,91.296,0.22%
"Mar 30, 2018",91.275,91.268,91.568,91.223,0.00%
"Mar 29, 2018",91.275,91.722,91.858,91.243,-0.49%
"Mar 28, 2018",91.729,91.940,92.429,91.677,-0.23%
"Mar 27, 2018",91.942,92.252,92.317,91.407,-0.32%
"Mar 26, 2018",92.237,91.898,92.368,91.841,0.42%
"Mar 23, 2018",91.854,91.776,92.107,91.556,0.09%
"Mar 22, 2018",91.772,92.164,92.566,91.642,-0.43%
"Mar 21, 2018",92.171,91.274,92.252,91.268,0.98%
"Mar 20, 2018",91.281,91.465,91.698,91.156,-0.20%
"Mar 19, 2018",91.465,90.537,91.847,90.460,0.96%
"Mar 16, 2018",90.596,90.570,90.801,90.182,0.02%
"Mar 15, 2018",90.580,90.527,90.891,90.313,0.06%
"Mar 14, 2018",90.523,90.551,90.996,90.310,-0.03%
"Mar 13, 2018",90.547,90.371,90.775,90.078,0.20%
"Mar 12, 2018",90.365,90.215,90.464,90.012,0.19%
"Mar 09, 2018",90.192,89.917,90.500,89.767,0.30%
"Mar 08, 2018",89.923,90.183,90.524,89.797,-0.30%
"Mar 07, 2018",90.190,90.141,90.392,89.892,0.06%
"Mar 06, 2018",90.137,90.063,90.457,89.793,0.09%
"Mar 05, 2018",90.053,89.873,90.305,89.532,0.02%
"Mar 02, 2018",90.037,89.868,90.141,89.736,0.20%
"Mar 01, 2018",89.861,89.742,89.926,89.395,0.14%
"Feb 28, 2018",89.733,90.306,90.834,89.707,-0.62%
"Feb 27, 2018",90.297,90.464,90.852,89.904,-0.19%
"Feb 26, 2018",90.471,90.426,91.115,90.240,0.10%
"Feb 23, 2018",90.384,90.689,90.761,89.996,-0.36%
"Feb 22, 2018",90.715,90.205,90.904,90.063,0.58%
"Feb 21, 2018",90.195,90.778,90.856,90.049,-0.64%
"Feb 20, 2018",90.775,89.979,90.942,89.754,0.88%
"Feb 19, 2018",89.982,90.169,90.278,89.680,-0.21%
"Feb 16, 2018",90.174,90.089,90.536,89.885,0.09%
"Feb 15, 2018",90.089,89.763,90.137,89.518,0.40%
"Feb 14, 2018",89.727,89.290,89.856,88.466,0.50%
"Feb 13, 2018",89.277,88.938,89.503,88.905,0.37%
"Feb 12, 2018",88.951,88.977,89.254,88.734,-0.14%
"Feb 09, 2018",89.079,89.457,89.979,88.615,-0.43%
"Feb 08, 2018",89.464,89.237,90.398,88.984,0.26%
"Feb 07, 2018",89.230,89.598,89.733,89.014,-0.40%
"Feb 06, 2018",89.591,89.537,89.938,88.934,0.07%
"Feb 05, 2018",89.529,90.618,90.742,89.504,-1.15%
"Feb 02, 2018",90.567,91.264,91.590,90.419,-0.77%
"Feb 01, 2018",91.267,90.183,91.350,90.106,1.19%
"Jan 31, 2018",90.190,90.109,90.510,89.891,0.10%
"Jan 30, 2018",90.099,89.508,90.227,89.148,0.65%
"Jan 29, 2018",89.514,90.051,90.051,89.184,-0.66%
"Jan 26, 2018",90.110,89.859,90.747,89.624,0.32%
"Jan 25, 2018",89.823,90.670,91.190,89.448,-0.94%
"Jan 24, 2018",90.671,89.258,90.798,89.245,1.57%
"Jan 23, 2018",89.270,89.362,89.478,88.757,-0.11%
"Jan 22, 2018",89.370,88.538,89.388,88.444,1.08%
"Jan 19, 2018",88.414,88.757,88.874,88.365,-0.36%
"Jan 18, 2018",88.734,88.367,88.886,88.165,0.45%
"Jan 17, 2018",88.334,88.282,89.081,87.912,0.04%
"Jan 16, 2018",88.299,87.597,88.350,87.546,0.80%
"Jan 15, 2018",87.600,87.336,87.778,87.040,0.30%
"Jan 12, 2018",87.334,86.221,87.436,86.020,1.29%
"Jan 11, 2018",86.224,85.939,86.338,85.674,0.32%
"Jan 10, 2018",85.945,86.222,86.332,85.867,-0.31%
"Jan 09, 2018",86.209,86.135,86.279,85.928,0.10%
"Jan 08, 2018",86.123,85.959,86.257,85.730,0.19%
"Jan 05, 2018",85.956,85.924,86.090,85.728,0.03%
"Jan 04, 2018",85.926,85.827,85.989,85.650,0.11%
"Jan 03, 2018",85.830,86.226,86.442,85.709,-0.46%
"Jan 02, 2018",86.230,86.019,86.338,85.951,0.28%
"Jan 01, 2018",85.990,86.269,86.269,85.865,-0.33%
"Dec 29, 2017",86.276,86.153,86.475,86.010,0.15%
"Dec 28, 2017",86.146,85.905,86.328,85.866,0.29%
"Dec 27, 2017",85.901,85.668,86.174,85.623,0.28%
"Dec 26, 2017",85.660,85.602,85.769,85.541,0.08%
"Dec 25, 2017",85.588,85.511,85.760,85.499,0.05%
"Dec 22, 2017",85.546,85.701,85.841,85.457,-0.17%
"Dec 21, 2017",85.694,85.764,85.817,85.355,-0.07%
"Dec 20, 2017",85.757,85.741,86.059,85.689,0.01%
"Dec 19, 2017",85.748,85.929,85.978,85.355,-0.21%
"Dec 18, 2017",85.932,85.457,86.324,85.284,0.66%
"Dec 15, 2017",85.365,86.418,86.534,85.216,-1.22%
"Dec 14, 2017",86.418,86.496,86.695,86.208,-0.10%
"Dec 13, 2017",86.505,85.775,86.519,85.743,0.85%
"Dec 12, 2017",85.775,85.850,86.254,85.681,-0.08%
"Dec 11, 2017",85.844,86.344,86.469,85.791,-0.58%
"Dec 08, 2017",86.349,87.017,87.197,86.056,-0.75%
"Dec 07, 2017",87.002,86.419,87.086,86.014,0.68%
"Dec 06, 2017",86.418,86.513,86.597,86.172,-0.12%
"Dec 05, 2017",86.519,86.778,86.804,86.116,-0.30%
"Dec 04, 2017",86.781,86.970,87.195,86.359,-0.16%
"Dec 01, 2017",86.924,87.225,87.394,86.737,-0.35%
"Nov 30, 2017",87.233,86.291,87.353,86.278,1.08%
"Nov 29, 2017",86.300,85.904,86.539,85.904,0.44%
"Nov 28, 2017",85.919,85.843,86.236,85.159,0.06%
"Nov 27, 2017",85.871,86.257,86.350,85.846,-0.46%
"Nov 24, 2017",86.266,85.933,86.428,85.823,0.39%
"Nov 23, 2017",85.933,86.462,86.521,85.856,-0.61%
"Nov 22, 2017",86.463,85.897,86.495,85.763,0.66%
"Nov 21, 2017",85.897,86.169,86.288,85.749,-0.31%
"Nov 20, 2017",86.163,85.933,86.410,85.719,0.30%
"Nov 17, 2017",85.907,86.159,86.487,85.514,-0.29%
"Nov 16, 2017",86.156,85.966,86.287,85.737,0.22%
"Nov 15, 2017",85.971,86.123,86.219,85.656,-0.16%
"Nov 14, 2017",86.112,85.832,86.276,85.570,0.33%
"Nov 13, 2017",85.831,85.913,86.011,85.418,-0.18%
"Nov 10, 2017",85.989,85.419,86.257,85.296,0.67%
"Nov 09, 2017",85.413,85.146,85.542,84.957,0.31%
"Nov 08, 2017",85.146,85.648,85.828,84.957,-0.61%
"Nov 07, 2017",85.665,85.118,85.710,85.073,0.64%
"Nov 06, 2017",85.124,84.471,85.156,84.296,0.84%
"Nov 03, 2017",84.419,84.335,84.780,84.238,0.11%
"Nov 02, 2017",84.329,85.516,85.874,84.225,-1.39%
"Nov 01, 2017",85.522,85.995,86.079,85.484,-0.56%
"Oct 31, 2017",86.007,85.647,86.059,85.438,0.39%
"Oct 30, 2017",85.671,85.335,85.722,85.245,0.33%
"Oct 27, 2017",85.391,85.330,85.470,85.011,0.07%
"Oct 26, 2017",85.329,86.124,86.234,85.246,-0.92%
"Oct 25, 2017",86.117,85.469,86.168,85.379,0.72%
"Oct 24, 2017",85.502,85.830,86.012,85.372,-0.36%
"Oct 23, 2017",85.814,85.758,85.986,85.510,0.04%
"Oct 20, 2017",85.781,85.533,85.866,85.065,0.30%
"Oct 19, 2017",85.527,85.899,86.055,85.443,-0.44%
"Oct 18, 2017",85.905,85.788,85.957,85.567,0.15%
"Oct 17, 2017",85.778,85.731,86.302,85.544,0.06%
"Oct 16, 2017",85.728,86.109,86.212,85.566,-0.27%
"Oct 13, 2017",85.963,86.278,86.587,85.930,-0.37%
"Oct 12, 2017",86.282,86.168,86.478,85.373,0.14%
"Oct 11, 2017",86.161,86.169,86.300,85.854,0.01%
"Oct 10, 2017",86.156,85.883,86.307,85.801,0.31%
"Oct 09, 2017",85.889,85.465,86.174,85.379,0.52%
"Oct 06, 2017",85.448,85.474,85.691,85.194,-0.02%
"Oct 05, 2017",85.463,86.126,86.305,85.385,-0.79%
"Oct 04, 2017",86.145,86.675,86.931,86.126,-0.64%
"Oct 03, 2017",86.698,86.709,87.114,86.401,-0.02%
"Oct 02, 2017",86.715,87.447,87.545,86.572,-0.89%
"Sep 29, 2017",87.496,87.991,88.024,87.182,-0.58%
"Sep 28, 2017",88.008,87.976,88.211,87.568,0.05%
"Sep 27, 2017",87.966,88.096,88.249,87.798,-0.15%
"Sep 26, 2017",88.099,87.710,88.371,87.658,0.45%
"Sep 25, 2017",87.707,87.428,88.090,87.221,0.32%
"Sep 22, 2017",87.428,88.018,88.468,87.150,-0.67%
"Sep 21, 2017",88.019,86.757,88.064,86.623,1.45%
"Sep 20, 2017",86.757,86.870,87.812,86.487,-0.12%
"Sep 19, 2017",86.862,86.582,87.109,86.430,0.33%
"Sep 18, 2017",86.575,87.035,87.222,86.388,-0.65%
"Sep 15, 2017",87.144,85.915,87.254,85.805,1.44%
"Sep 14, 2017",85.905,84.554,85.969,84.345,1.59%
"Sep 13, 2017",84.564,85.065,85.289,84.397,-0.58%
"Sep 12, 2017",85.058,84.157,85.162,84.138,1.07%
"Sep 11, 2017",84.161,84.218,84.531,84.021,-0.03%
"Sep 08, 2017",84.186,83.864,84.359,83.787,0.38%
"Sep 07, 2017",83.866,83.553,83.968,83.398,0.37%
"Sep 06, 2017",83.553,83.541,83.829,83.496,0.01%
"Sep 05, 2017",83.548,82.784,83.618,82.733,0.89%
"Sep 04, 2017",82.814,82.966,83.126,82.639,-0.12%
"Sep 01, 2017",82.915,82.671,83.210,82.534,0.30%
"Aug 31, 2017",82.671,82.697,82.823,82.159,-0.04%
"Aug 30, 2017",82.707,82.695,82.797,82.394,0.00%
"Aug 29, 2017",82.707,82.635,83.097,82.558,0.08%
"Aug 28, 2017",82.645,82.576,82.870,82.249,0.18%
"Aug 25, 2017",82.493,81.968,82.499,81.930,0.63%
"Aug 24, 2017",81.978,81.951,82.201,81.817,0.00%
"Aug 23, 2017",81.978,82.166,82.305,81.844,-0.23%
"Aug 22, 2017",82.166,82.701,82.766,82.096,-0.66%
"Aug 21, 2017",82.709,82.510,82.837,82.311,0.22%
"Aug 18, 2017",82.528,82.581,82.850,82.272,-0.06%
"Aug 17, 2017",82.577,82.738,82.873,82.494,-0.18%
"Aug 16, 2017",82.728,82.523,82.844,82.401,0.25%
"Aug 15, 2017",82.522,83.093,83.157,82.368,-0.69%
"Aug 14, 2017",83.093,83.344,83.537,83.041,-0.44%
"Aug 11, 2017",83.459,83.170,83.581,82.972,0.36%
"Aug 10, 2017",83.163,83.018,83.400,82.831,0.14%
"Aug 09, 2017",83.050,82.730,83.095,82.583,0.37%
"Aug 08, 2017",82.743,83.197,83.323,82.495,-0.57%
"Aug 07, 2017",83.216,82.924,83.373,82.924,0.25%
"Aug 04, 2017",83.010,83.726,83.894,82.942,-0.83%
"Aug 03, 2017",83.702,84.183,84.431,83.510,-0.52%
"Aug 02, 2017",84.141,84.634,84.737,84.129,-0.57%
"Aug 01, 2017",84.627,84.817,84.903,84.561,-0.25%
"Jul 31, 2017",84.840,84.216,84.898,84.044,0.73%
"Jul 28, 2017",84.222,83.748,84.331,83.722,0.53%
"Jul 27, 2017",83.779,84.418,84.597,83.703,-0.78%
"Jul 26, 2017",84.439,83.909,84.481,83.794,0.69%
"Jul 25, 2017",83.862,83.894,84.240,83.739,-0.05%
"Jul 24, 2017",83.900,83.611,84.087,83.611,0.27%
"Jul 21, 2017",83.671,83.517,83.787,83.395,0.19%
"Jul 20, 2017",83.514,83.667,83.943,83.321,-0.18%
"Jul 19, 2017",83.666,83.809,83.987,83.647,-0.24%
"Jul 18, 2017",83.868,84.061,84.519,83.694,-0.16%
"Jul 17, 2017",84.002,84.319,84.435,83.938,-0.43%
"Jul 14, 2017",84.369,83.435,84.485,83.416,1.15%
"Jul 13, 2017",83.408,83.059,83.517,83.014,0.40%
"Jul 12, 2017",83.076,82.966,83.309,82.683,0.14%
"Jul 11, 2017",82.957,83.061,83.505,82.834,-0.11%
"Jul 10, 2017",83.050,83.257,83.373,82.876,-0.32%
"Jul 07, 2017",83.314,83.968,84.041,83.121,-0.76%
"Jul 06, 2017",83.954,83.826,84.091,83.677,0.16%
"Jul 05, 2017",83.816,83.672,83.880,83.537,0.13%
"Jul 04, 2017",83.709,83.922,84.046,83.638,-0.22%
"Jul 03, 2017",83.890,84.077,84.317,83.845,-0.34%
"Jun 30, 2017",84.180,84.103,84.382,83.650,0.09%
"Jun 29, 2017",84.106,83.356,84.139,83.332,0.84%
"Jun 28, 2017",83.405,82.663,83.779,82.585,0.94%
"Jun 27, 2017",82.631,81.980,82.915,81.935,0.81%
"Jun 26, 2017",81.968,82.083,82.251,81.858,-0.08%
"Jun 23, 2017",82.037,81.939,82.255,81.886,0.13%
"Jun 22, 2017",81.933,81.778,81.996,81.647,0.20%
"Jun 21, 2017",81.766,81.507,82.011,81.347,0.31%
"Jun 20, 2017",81.517,82.099,82.263,81.337,-0.77%
"Jun 19, 2017",82.150,82.397,82.528,82.016,-0.26%
"Jun 16, 2017",82.361,82.334,82.713,82.219,0.01%
"Jun 15, 2017",82.353,81.925,82.578,81.719,0.54%
"Jun 14, 2017",81.912,82.034,82.337,81.751,-0.19%
"Jun 13, 2017",82.069,81.641,82.094,81.495,0.56%
"Jun 12, 2017",81.609,81.793,82.171,81.499,-0.33%
"Jun 09, 2017",81.880,83.249,83.287,81.255,-1.61%
"Jun 08, 2017",83.223,83.488,83.549,82.954,-0.34%
"Jun 07, 2017",83.504,83.209,83.550,82.945,0.38%
"Jun 06, 2017",83.186,83.049,83.379,82.960,0.18%
"Jun 05, 2017",83.034,82.757,83.304,82.738,0.03%
"Jun 02, 2017",83.008,83.047,83.163,82.802,-0.06%
"Jun 01, 2017",83.058,83.187,83.219,82.755,-0.11%
"May 31, 2017",83.153,83.102,83.353,82.385,0.05%
"May 30, 2017",83.111,82.866,83.356,82.576,0.28%
"May 29, 2017",82.876,82.618,82.953,82.515,0.34%
"May 26, 2017",82.595,83.550,83.589,82.402,-1.12%
"May 25, 2017",83.534,83.981,84.097,83.463,-0.59%
"May 24, 2017",84.032,84.105,84.305,83.722,-0.10%
"May 23, 2017",84.120,83.860,84.570,83.692,0.31%
"May 22, 2017",83.863,84.012,84.186,83.722,-0.36%
"May 19, 2017",84.164,83.932,84.373,83.777,0.30%
"May 18, 2017",83.915,83.151,84.629,83.094,0.89%
"May 17, 2017",83.177,82.740,83.324,82.650,0.54%
"May 16, 2017",82.730,82.609,83.025,82.474,0.15%
"May 15, 2017",82.603,82.820,82.981,82.487,-0.26%
"May 12, 2017",82.816,82.954,83.070,82.584,-0.22%
"May 11, 2017",82.999,83.592,83.624,82.726,-0.72%
"May 10, 2017",83.599,83.683,84.011,83.463,-0.08%
"May 09, 2017",83.663,83.275,83.755,83.237,0.46%
"May 08, 2017",83.282,83.494,83.565,83.152,-0.25%
"May 05, 2017",83.487,82.986,83.526,82.838,0.60%
"May 04, 2017",82.985,82.548,83.068,82.413,0.51%
"May 03, 2017",82.561,83.023,83.100,82.535,-0.55%
"May 02, 2017",83.020,82.796,83.046,82.555,0.27%
"May 01, 2017",82.799,83.256,83.281,82.754,-0.55%
"Apr 28, 2017",83.259,82.763,83.433,82.641,0.63%
"Apr 27, 2017",82.734,82.381,82.843,82.311,0.44%
"Apr 26, 2017",82.375,82.619,82.638,82.035,-0.28%
"Apr 25, 2017",82.606,82.515,82.632,82.147,0.12%
"Apr 24, 2017",82.508,83.037,83.121,82.347,-0.40%
"Apr 21, 2017",82.836,82.784,82.933,82.461,0.04%
"Apr 20, 2017",82.804,82.617,83.024,82.559,0.20%
"Apr 19, 2017",82.635,82.953,83.058,82.564,-0.37%
"Apr 18, 2017",82.940,81.014,83.334,80.797,2.37%
"Apr 17, 2017",81.016,80.803,81.330,80.623,0.32%
"Apr 14, 2017",80.755,80.608,80.826,80.563,0.22%
"Apr 13, 2017",80.576,81.121,81.367,80.543,-0.67%
"Apr 12, 2017",81.121,80.629,81.186,80.556,0.60%
"Apr 11, 2017",80.639,80.199,80.678,79.967,0.54%
"Apr 10, 2017",80.207,79.599,80.292,79.490,0.86%
"Apr 07, 2017",79.525,80.547,80.740,79.466,-1.29%
"Apr 06, 2017",80.561,80.999,81.281,80.335,-0.52%
"Apr 05, 2017",80.984,80.954,81.153,80.677,0.03%
"Apr 04, 2017",80.963,81.131,81.190,80.683,-0.23%
"Apr 03, 2017",81.147,81.353,81.475,80.990,-0.35%
"Mar 31, 2017",81.428,80.859,81.454,80.638,0.68%
"Mar 30, 2017",80.880,80.627,81.300,80.517,0.27%
"Mar 29, 2017",80.666,80.961,81.078,80.439,-0.39%
"Mar 28, 2017",80.981,81.614,81.880,80.909,-0.79%
"Mar 27, 2017",81.627,81.683,82.067,81.507,0.04%
"Mar 24, 2017",81.591,81.950,81.969,81.558,-0.44%
"Mar 23, 2017",81.953,81.724,82.077,81.606,0.29%
"Mar 22, 2017",81.714,81.531,81.908,81.339,0.21%
"Mar 21, 2017",81.540,80.775,81.664,80.635,0.97%
"Mar 20, 2017",80.753,81.189,81.310,80.581,-0.49%
"Mar 17, 2017",81.150,80.809,81.319,80.705,0.41%
"Mar 16, 2017",80.816,80.671,80.983,80.029,0.18%
"Mar 15, 2017",80.672,79.918,80.784,79.550,0.91%
"Mar 14, 2017",79.942,80.871,80.930,79.754,-1.14%
"Mar 13, 2017",80.865,80.938,81.457,80.689,-0.18%
"Mar 10, 2017",81.007,81.158,81.218,80.884,-0.16%
"Mar 09, 2017",81.138,81.234,81.355,80.894,-0.14%
"Mar 08, 2017",81.253,81.276,81.393,80.980,-0.04%
"Mar 07, 2017",81.282,81.558,81.683,81.082,-0.37%
"Mar 06, 2017",81.587,82.097,82.144,81.475,-0.63%
"Mar 03, 2017",82.106,81.951,82.166,81.663,0.23%
"Mar 02, 2017",81.918,82.210,82.257,81.758,-0.36%
"Mar 01, 2017",82.210,82.620,82.840,82.103,-0.48%
"Feb 28, 2017",82.609,82.996,83.164,82.529,-0.46%
"Feb 27, 2017",82.989,83.075,83.249,82.561,-0.12%
"Feb 24, 2017",83.090,83.757,83.871,82.962,-0.76%
"Feb 23, 2017",83.730,83.234,83.769,83.055,0.45%
"Feb 22, 2017",83.359,83.597,83.822,83.255,-0.22%
"Feb 21, 2017",83.544,83.369,83.627,83.024,0.21%
"Feb 20, 2017",83.370,83.234,83.576,83.149,0.11%
"Feb 17, 2017",83.276,83.779,83.996,83.061,-0.59%
"Feb 16, 2017",83.769,83.314,84.004,83.266,0.54%
"Feb 15, 2017",83.323,83.353,83.512,82.888,-0.02%
"Feb 14, 2017",83.340,83.862,84.049,83.199,-0.64%
"Feb 13, 2017",83.879,83.407,84.032,83.374,0.44%
"Feb 10, 2017",83.510,83.466,83.844,83.218,0.09%
"Feb 09, 2017",83.433,84.102,84.330,83.386,-0.77%
"Feb 08, 2017",84.081,84.249,84.299,83.796,-0.20%
"Feb 07, 2017",84.251,83.790,84.513,83.246,0.55%
"Feb 06, 2017",83.788,83.942,84.064,83.532,-0.13%
"Feb 03, 2017",83.896,84.182,84.484,83.701,-0.36%
"Feb 02, 2017",84.201,85.362,85.743,84.160,-1.32%
"Feb 01, 2017",85.327,84.940,85.489,84.747,0.47%
"Jan 31, 2017",84.927,84.703,85.081,84.195,0.28%
"Jan 30, 2017",84.692,85.487,85.859,84.513,-0.95%
"Jan 27, 2017",85.506,85.886,86.021,85.283,-0.41%
"Jan 26, 2017",85.857,85.926,86.250,85.599,-0.05%
"Jan 25, 2017",85.899,85.339,86.044,85.152,0.69%
"Jan 24, 2017",85.312,85.298,85.458,84.569,0.01%
"Jan 23, 2017",85.305,84.173,85.354,84.124,1.26%
"Jan 20, 2017",84.243,84.070,84.332,83.590,0.23%
"Jan 19, 2017",84.049,83.620,84.108,83.559,0.50%
"Jan 18, 2017",83.632,84.240,84.308,83.522,-0.72%
"Jan 17, 2017",84.240,82.020,84.354,81.825,2.67%
"Jan 16, 2017",82.053,82.242,82.395,81.704,-1.18%
"Jan 13, 2017",83.033,82.867,83.461,82.675,0.21%
"Jan 12, 2017",82.859,83.333,83.730,82.717,-0.67%
"Jan 11, 2017",83.422,83.257,83.731,82.467,0.26%
"Jan 10, 2017",83.202,82.824,83.243,82.491,0.45%
"Jan 09, 2017",82.827,83.606,83.633,82.624,-1.03%
"Jan 06, 2017",83.693,84.107,84.376,83.614,-0.52%
"Jan 05, 2017",84.129,83.656,84.257,83.294,0.58%
"Jan 04, 2017",83.648,83.534,83.864,83.382,0.12%
"Jan 03, 2017",83.544,83.643,84.078,83.415,-0.13%
"Jan 02, 2017",83.651,83.882,84.002,83.596,-0.23%
"Dec 30, 2016",83.846,83.306,84.121,83.191,0.64%
"Dec 29, 2016",83.309,83.428,83.655,83.034,-0.13%
"Dec 28, 2016",83.418,83.398,83.927,83.231,0.00%
"Dec 27, 2016",83.415,83.223,83.562,83.073,0.18%
"Dec 26, 2016",83.266,83.231,83.442,83.102,-0.15%
"Dec 23, 2016",83.388,83.327,83.545,82.912,0.06%
"Dec 22, 2016",83.334,83.788,84.028,83.278,-0.56%
"Dec 21, 2016",83.805,84.020,84.239,83.622,-0.20%
"Dec 20, 2016",83.972,84.126,84.284,83.795,-0.18%
"Dec 19, 2016",84.126,84.772,84.833,83.792,-0.79%
"Dec 16, 2016",84.799,84.326,84.928,83.999,0.63%
"Dec 15, 2016",84.272,84.757,85.213,84.028,-0.60%
"Dec 14, 2016",84.779,85.350,85.888,84.543,-0.64%
"Dec 13, 2016",85.328,85.488,85.976,85.275,-0.17%
"Dec 12, 2016",85.475,84.820,85.573,84.692,0.60%
"Dec 11, 2016",84.965,84.844,84.965,84.844,0.13%
"Dec 09, 2016",84.853,85.029,85.240,84.725,-0.19%
"Dec 08, 2016",85.013,85.120,85.590,84.626,-0.15%
"Dec 07, 2016",85.140,85.876,86.027,84.954,-0.86%
"Dec 06, 2016",85.882,86.596,86.900,85.713,-0.85%
"Dec 05, 2016",86.620,86.573,86.909,85.868,0.39%
"Dec 04, 2016",86.285,86.614,86.614,86.285,-0.36%
"Dec 02, 2016",86.593,85.947,86.716,85.790,0.80%
"Dec 01, 2016",85.909,85.790,86.740,85.478,0.14%
"Nov 30, 2016",85.789,85.714,85.902,84.989,0.10%
"Nov 29, 2016",85.701,85.135,85.954,84.978,0.65%
"Nov 28, 2016",85.144,85.453,86.032,84.993,-0.33%
"Nov 27, 2016",85.424,85.491,85.491,85.424,-0.07%
"Nov 25, 2016",85.487,85.611,85.660,84.966,-0.16%
"Nov 24, 2016",85.624,85.584,85.934,85.225,0.08%
"Nov 23, 2016",85.556,84.965,85.835,84.684,0.68%
"Nov 22, 2016",84.975,85.257,85.373,84.671,-0.31%
"Nov 21, 2016",85.240,84.186,85.350,83.846,1.23%
"Nov 20, 2016",84.204,84.162,84.204,84.162,0.02%
"Nov 18, 2016",84.184,84.478,84.796,83.727,-0.33%
"Nov 17, 2016",84.462,84.591,84.803,84.237,-0.17%
"Nov 16, 2016",84.607,84.431,84.841,84.250,0.20%
"Nov 15, 2016",84.437,84.653,84.945,83.839,-0.28%
"Nov 14, 2016",84.674,85.056,85.198,84.335,-0.33%
"Nov 13, 2016",84.955,85.143,85.143,84.955,-0.22%
"Nov 11, 2016",85.142,83.978,85.372,83.771,1.42%
"Nov 10, 2016",83.950,82.493,84.150,82.296,1.73%
"Nov 09, 2016",82.519,81.980,83.996,81.834,0.64%
"Nov 08, 2016",81.992,82.685,83.037,81.853,-0.92%
"Nov 07, 2016",82.751,83.555,83.674,82.605,-0.51%
"Nov 06, 2016",83.172,83.172,83.172,83.172,-0.53%
"Nov 04, 2016",83.618,83.056,83.855,83.007,0.65%
"Nov 03, 2016",83.076,82.104,83.429,82.078,1.14%
"Nov 02, 2016",82.136,81.603,82.423,81.539,0.59%
"Nov 01, 2016",81.655,81.577,81.946,81.399,0.01%
"Oct 31, 2016",81.649,81.307,81.756,81.064,0.27%
"Oct 30, 2016",81.432,81.432,81.432,81.432,0.08%
"Oct 28, 2016",81.370,81.308,81.615,80.852,0.03%
"Oct 27, 2016",81.344,81.868,82.059,81.220,-0.66%
"Oct 26, 2016",81.881,81.405,81.923,81.160,0.56%
"Oct 25, 2016",81.423,81.772,81.849,80.732,-0.47%
"Oct 24, 2016",81.811,81.768,81.914,81.479,0.00%
"Oct 23, 2016",81.811,81.951,81.951,81.811,-0.10%
"Oct 21, 2016",81.890,81.867,82.020,81.424,0.01%
"Oct 20, 2016",81.880,81.836,82.056,81.531,-0.01%
"Oct 19, 2016",81.891,82.015,82.238,81.651,-0.21%
"Oct 18, 2016",82.061,81.330,82.253,81.288,0.85%
"Oct 17, 2016",81.372,81.290,81.526,80.969,0.21%
"Oct 16, 2016",81.202,81.326,81.326,81.202,-0.13%
"Oct 14, 2016",81.309,81.858,81.899,81.150,-0.67%
"Oct 13, 2016",81.856,81.526,82.035,81.142,0.36%
"Oct 12, 2016",81.561,80.991,82.310,80.853,0.67%
"Oct 11, 2016",81.020,82.179,82.323,80.763,-1.44%
"Oct 10, 2016",82.204,82.773,82.939,82.029,-0.74%
"Oct 09, 2016",82.818,82.818,82.818,82.818,0.01%
"Oct 07, 2016",82.813,84.119,84.210,78.817,-1.57%
"Oct 06, 2016",84.131,84.827,84.982,84.016,-0.87%
"Oct 05, 2016",84.869,84.760,84.977,84.424,0.10%
"Oct 04, 2016",84.780,85.438,85.584,84.528,-0.80%
"Oct 03, 2016",85.462,86.097,86.180,85.253,-0.79%
"Oct 02, 2016",86.142,86.277,86.277,86.142,-0.26%
"Sep 30, 2016",86.366,86.623,86.705,86.184,-0.33%
"Sep 29, 2016",86.653,86.333,87.204,86.286,0.32%
"Sep 28, 2016",86.380,86.459,86.665,86.247,-0.14%
"Sep 27, 2016",86.499,86.404,86.656,85.972,0.08%
"Sep 26, 2016",86.433,86.393,86.756,86.086,-0.09%
"Sep 25, 2016",86.512,86.512,86.512,86.512,-0.03%
"Sep 23, 2016",86.542,87.096,87.262,86.021,-0.69%
"Sep 22, 2016",87.142,86.961,87.454,86.906,0.22%
"Sep 21, 2016",86.947,86.987,87.369,86.685,-0.07%
"Sep 20, 2016",87.004,87.228,87.519,86.698,-0.31%
"Sep 19, 2016",87.271,87.138,87.654,87.118,0.01%
"Sep 18, 2016",87.258,87.231,87.258,87.231,0.06%
"Sep 16, 2016",87.208,88.476,88.620,87.133,-1.47%
"Sep 15, 2016",88.509,88.367,88.921,88.152,0.12%
"Sep 14, 2016",88.406,88.538,88.656,87.865,-0.21%
"Sep 13, 2016",88.588,88.969,89.162,88.263,-0.48%
"Sep 12, 2016",89.016,88.723,89.180,88.588,0.48%
"Sep 11, 2016",88.587,88.788,88.788,88.587,-0.18%
"Sep 09, 2016",88.750,88.552,88.971,88.342,0.18%
"Sep 08, 2016",88.592,88.668,88.870,88.239,-0.11%
"Sep 07, 2016",88.689,89.034,89.105,88.411,-0.44%
"Sep 06, 2016",89.077,88.345,89.179,88.285,0.73%
"Sep 05, 2016",88.435,88.748,88.953,88.272,-0.09%
"Sep 04, 2016",88.515,88.515,88.515,88.515,-0.31%
"Sep 02, 2016",88.791,88.612,89.026,88.491,0.18%
"Sep 01, 2016",88.632,87.976,89.188,87.886,0.73%
"Aug 31, 2016",87.989,87.812,88.146,87.546,0.17%
"Aug 30, 2016",87.839,87.959,88.061,87.581,-0.11%
"Aug 29, 2016",87.939,88.151,88.260,87.692,-0.30%
"Aug 28, 2016",88.207,88.207,88.207,88.207,0.02%
"Aug 26, 2016",88.191,88.374,88.832,87.991,-0.24%
"Aug 25, 2016",88.401,88.800,89.042,88.227,-0.54%
"Aug 24, 2016",88.882,88.527,89.133,88.340,0.33%
"Aug 23, 2016",88.588,88.237,88.620,88.149,0.33%
"Aug 22, 2016",88.297,87.619,88.498,87.445,0.62%
"Aug 21, 2016",87.749,87.749,87.749,87.749,-0.04%
"Aug 19, 2016",87.785,88.008,88.115,87.382,-0.25%
"Aug 18, 2016",88.001,87.222,88.075,87.078,0.87%
"Aug 17, 2016",87.245,87.212,87.570,86.878,0.01%
"Aug 16, 2016",87.239,86.074,87.282,86.059,1.31%
"Aug 15, 2016",86.107,86.322,86.620,85.984,-0.25%
"Aug 14, 2016",86.324,86.438,86.438,86.324,-0.16%